Timestamp (ms),Timestamp,Speaker,Transcript,Noun (1/0),Noun label 1,Noun label 2 ,Noun label 3,Noun label 4,Noun label 5,Pronoun (1/0),Pronoun label 1,Pronoun label 2,Pronoun label 3,Pronoun label 4,Pronoun label 5,Pronoun label 6,Pronoun label 7
56508,00:00:56.508,m,are you getting chilly?,0,,,,,,1,you,,,,,,
97138,00:01:37.138,m,xxx draw?,0,,,,,,0,,,,,,,
97920,00:01:37.920,m,that's you,0,,,,,,2,that,you,,,,,
100062,00:01:40.62,m,that's [name],0,,,,,,1,that,,,,,,
103190,00:01:43.190,m,want me to draw a picture of xxx?,1,picture,,,,,1,me,,,,,,
105944,00:01:45.944,m,okay,0,,,,,,0,,,,,,,
106318,00:01:46.318,m,now we're going to draw xxx,0,,,,,,1,we,,,,,,
160990,00:02:40.990,m,who's that?,0,,,,,,1,that,,,,,,
187136,00:03:07.136,m,you wanna sing a song?,1,song,,,,,1,you,,,,,,
196486,00:03:16.486,m,what do you wanna hear?,0,,,,,,1,you,,,,,,
197336,00:03:17.336,m,you wanna hear Puff the Magic Dragon?,1,puffthemagicdragonsong,,,,,1,you,,,,,,
199308,00:03:19.308,m,no?,0,,,,,,0,,,,,,,
204170,00:03:24.170,m,this?,0,,,,,,1,this,,,,,,
204986,00:03:24.986,m,you wanna press it?,0,,,,,,2,you,it,,,,,
210324,00:03:30.324,m,echo,1,echo,,,,,0,,,,,,,
212772,00:03:32.772,m,play Here Comes the Sun,1,herecomesthesunsong,,,,,0,,,,,,,
221408,00:03:41.408,m,yes?,0,,,,,,0,,,,,,,
227936,00:03:47.936,m,that?,0,,,,,,1,that,,,,,,
229024,00:03:49.24,m,what's that?,0,,,,,,1,that,,,,,,
230826,00:03:50.826,m,that's a tablet honey,2,tablet,honey,,,,1,that,,,,,,
233784,00:03:53.784,m,that's a tablet,1,tablet,,,,,1,that,,,,,,
238884,00:03:58.884,m,oh,0,,,,,,0,,,,,,,
239258,00:03:59.258,m,that's echo,1,echo,,,,,1,that,,,,,,
240312,00:04:00.312,m,you wanna talk to that echo?,1,echo,,,,,2,you,that,,,,,
242250,00:04:02.250,m,okay,0,,,,,,0,,,,,,,
242658,00:04:02.658,m,what do you wanna ask?,0,,,,,,1,you,,,,,,
252620,00:04:12.620,m,you know,0,,,,,,1,you,,,,,,
252926,00:04:12.926,m,we don't have to listen to echo,1,echo,,,,,1,we,,,,,,
254320,00:04:14.320,m,we can sing,0,,,,,,1,we,,,,,,
255306,00:04:15.306,m,you wanna sing,0,,,,,,1,you,,,,,,
256020,00:04:16.20,m,you wanna sing @a@b@c's?,1,abcsong,,,,,1,you,,,,,,
260372,00:04:20.372,m,song?,1,song,,,,,0,,,,,,,
265574,00:04:25.574,m,echo,1,echo,,,,,0,,,,,,,
266118,00:04:26.118,m,play Puff the Magic Dragon,1,puffthemagicdragonsong,,,,,0,,,,,,,
269042,00:04:29.42,m,no?,0,,,,,,0,,,,,,,
274720,00:04:34.720,m,song?,1,song,,,,,0,,,,,,,
275944,00:04:35.944,m,which song?,1,song,,,,,0,,,,,,,
278426,00:04:38.426,m,uh,0,,,,,,0,,,,,,,
290802,00:04:50.802,m,you don't wanna hear Hey Jude or,1,heyjudesong,,,,,1,you,,,,,,
292638,00:04:52.638,m,Puff the Magic Dragon?,1,puffthemagicdragonsong,,,,,0,,,,,,,
294984,00:04:54.984,m,playlist? [laughing],1,playlist,,,,,0,,,,,,,
298928,00:04:58.928,m,okay,0,,,,,,0,,,,,,,
302736,00:05:02.736,m,echo,1,echo,,,,,0,,,,,,,
303416,00:05:03.416,m,play Here Comes the Sun,1,herecomesthesunsong,,,,,0,,,,,,,
344488,00:05:44.488,m,I know you're very curious,0,,,,,,2,i,you,,,,,
348870,00:05:48.870,m,about our guest,1,guest,,,,,1,our,,,,,,
350982,00:05:50.982,m,I know,0,,,,,,1,i,,,,,,
378654,00:06:18.654,m,are those your feet?,1,feet,,,,,2,those,your,,,,,
382190,00:06:22.190,m,are those your little feet?,1,feet,,,,,2,those,your,,,,,
436492,00:07:16.492,m,are you okay?,0,,,,,,1,you,,,,,,
438940,00:07:18.940,m,are you tired?,0,,,,,,1,you,,,,,,
440198,00:07:20.198,m,are you getting shy?,0,,,,,,1,you,,,,,,
454308,00:07:34.308,m,okay,0,,,,,,0,,,,,,,
455226,00:07:35.226,m,come here you,0,,,,,,1,you,,,,,,
456348,00:07:36.348,m,come here,0,,,,,,0,,,,,,,
458388,00:07:38.388,m,are you okay?,0,,,,,,1,you,,,,,,
460972,00:07:40.972,m,you kind of freaked out?,0,,,,,,1,you,,,,,,
462366,00:07:42.366,m,it's okay,0,,,,,,0,,,,,,,
464304,00:07:44.304,m,it's okay,0,,,,,,0,,,,,,,
470379,00:07:50.379,m,it's okay,0,,,,,,0,,,,,,,
478958,00:07:58.958,m,it's okay,0,,,,,,0,,,,,,,
504220,00:08:24.220,m,you wanna sing?,0,,,,,,1,you,,,,,,
505886,00:08:25.886,m,you know,0,,,,,,1,you,,,,,,
506123,00:08:26.123,m,we can sing too,0,,,,,,1,we,,,,,,
507178,00:08:27.178,m,we don't always have to listen to music,1,music,,,,,1,we,,,,,,
527918,00:08:47.918,m,yeah,0,,,,,,0,,,,,,,
528734,00:08:48.734,m,yes baby,1,baby,,,,,0,,,,,,,
540498,00:09:00.498,m,you wanna hear anything?,0,,,,,,1,you,,,,,,
542504,00:09:02.504,m,you don't have a strong opinion?,1,opinion,,,,,1,you,,,,,,
546006,00:09:06.6,m,you mean I can listen to anything?,0,,,,,,2,you,i,,,,,
552908,00:09:12.908,m,yeah baby,1,baby,,,,,0,,,,,,,
557634,00:09:17.634,m,Echo,1,echo,,,,,0,,,,,,,
558688,00:09:18.688,m,play El Gran Combo,1,elgrancombosong,,,,,0,,,,,,,
568242,00:09:28.242,m,Echo,1,echo,,,,,0,,,,,,,
568922,00:09:28.922,m,play music by Hector Lavoe,2,music,hectorlavoesinger,,,,0,,,,,,,
577694,00:09:37.694,m,okay [name],0,,,,,,0,,,,,,,
578646,00:09:38.646,m,you're finally,0,,,,,,1,you,,,,,,
580652,00:09:40.652,m,letting us play something other than Puff the Magic Dragon,1,puffthemagicdragonsong,,,,,1,us,,,,,,
583950,00:09:43.950,m,and Hey Jude,1,heyjudesong,,,,,0,,,,,,,
585718,00:09:45.718,m,this is amazing,0,,,,,,1,this,,,,,,
587349,00:09:47.349,m,[laughing],0,,,,,,0,,,,,,,
592348,00:09:52.348,m,oh you wanna dance?,0,,,,,,1,you,,,,,,
594286,00:09:54.286,m,we can dance,0,,,,,,1,we,,,,,,
595986,00:09:55.986,m,do you wanna dance?,0,,,,,,1,you,,,,,,
596530,00:09:56.530,m,come here,0,,,,,,0,,,,,,,
596836,00:09:56.836,m,you can dance with mommy,1,mommy,,,,,1,you,,,,,,
600712,00:10:00.712,m,it's okay that we have a friend here,1,friend,,,,,1,we,,,,,,
602446,00:10:02.446,m,we're gonna do some,0,,,,,,1,we,,,,,,
603602,00:10:03.602,m,we're gonna um,0,,,,,,1,we,,,,,,
604724,00:10:04.724,m,we're gonna have to pretend she's not here though,0,,,,,,2,we,she,,,,,
607682,00:10:07.682,m,okay?,0,,,,,,0,,,,,,,
610776,00:10:10.776,m,i know it's kinda strange but,0,,,,,,2,i,it,,,,,
613666,00:10:13.666,m,but that's what she asked us to do,0,,,,,,3,that,she,us,,,,
615672,00:10:15.672,m,okay?,0,,,,,,0,,,,,,,
616012,00:10:16.12,m,so we gotta listen,0,,,,,,1,we,,,,,,
622608,00:10:22.608,m,you wanna dance with mommy?,1,mommy,,,,,1,you,,,,,,
624886,00:10:24.886,m,no?,0,,,,,,0,,,,,,,
625124,00:10:25.124,m,you don't wanna dance?,0,,,,,,1,you,,,,,,
627368,00:10:27.368,m,okay,0,,,,,,0,,,,,,,
628354,00:10:28.354,m,it's okay,0,,,,,,0,,,,,,,
629000,00:10:29.0,m,there's nothing to be afraid of,0,,,,,,0,,,,,,,
655248,00:10:55.248,m,xxx,0,,,,,,0,,,,,,,
657288,00:10:57.288,m,xxx,0,,,,,,0,,,,,,,
659226,00:10:59.226,m,[laughing],0,,,,,,0,,,,,,,
662490,00:11:02.490,m,you wanna do flying baby?,1,baby,,,,,1,you,,,,,,
664734,00:11:04.734,m,flying baby,1,baby,,,,,0,,,,,,,
666400,00:11:06.400,m,[laughing],0,,,,,,0,,,,,,,
677620,00:11:17.620,m,you want a banana?,1,banana,,,,,1,you,,,,,,
680204,00:11:20.204,m,no?,0,,,,,,0,,,,,,,
681020,00:11:21.20,m,you want milk?,1,milk,,,,,1,you,,,,,,
688156,00:11:28.156,m,want water?,1,water,,,,,0,,,,,,,
719644,00:11:59.644,m,I know,0,,,,,,1,i,,,,,,
720018,00:12:00.18,m,it's hard,0,,,,,,0,,,,,,,
720732,00:12:00.732,m,it's hard when something different happens,0,,,,,,0,,,,,,,
723928,00:12:03.928,m,it's kinda strange,0,,,,,,0,,,,,,,
753032,00:12:33.32,m,look at these feet xxx,1,feet,,,,,1,these,,,,,,
755072,00:12:35.72,m,look at those little feet,1,feet,,,,,1,those,,,,,,
764966,00:12:44.966,m,is it a booboo?,1,booboo,,,,,1,it,,,,,,
769080,00:12:49.80,m,did you get a bugbite there?,1,bugbite,,,,,1,you,,,,,,
772922,00:12:52.922,m,is that itchy?,0,,,,,,1,that,,,,,,
774554,00:12:54.554,m,okay,0,,,,,,0,,,,,,,
774962,00:12:54.962,m,there's something there,0,,,,,,0,,,,,,,
783972,00:13:03.972,m,that's a place where you got a booboo,2,place,booboo,,,,1,that,,,,,,
787440,00:13:07.440,m,do you still have a booboo?,1,booboo,,,,,1,you,,,,,,
789820,00:13:09.820,m,okay,0,,,,,,0,,,,,,,
815796,00:13:35.796,m,[laughing],0,,,,,,0,,,,,,,
825312,00:13:45.312,m,do you wanna go see grandma's xxx?,1,grandma,,,,,1,you,,,,,,
828104,00:13:48.104,m,no?,0,,,,,,0,,,,,,,
841700,00:14:01.700,m,you know what dear?,1,dear,,,,,1,you,,,,,,
842962,00:14:02.962,m,Orit is working,1,orit,,,,,0,,,,,,,
844458,00:14:04.458,m,okay?,0,,,,,,0,,,,,,,
844798,00:14:04.798,m,you know how Papa works and mommy goes to work?,3,papa,mommy,work,,,1,you,,,,,,
847416,00:14:07.416,m,right now she's working,0,,,,,,1,she,,,,,,
848470,00:14:08.470,m,but she's here in our house working,1,house,,,,,2,she,our,,,,,
864824,00:14:24.824,m,you want Papa?,1,papa,,,,,1,you,,,,,,
866422,00:14:26.422,m,honey,1,honey,,,,,0,,,,,,,
866966,00:14:26.966,m,Papa's working,1,papa,,,,,0,,,,,,,
870128,00:14:30.128,m,Papa's working,1,papa,,,,,0,,,,,,,
872848,00:14:32.848,m,are we getting sleepy?,0,,,,,,1,we,,,,,,
873936,00:14:33.936,m,you can go in the bed,1,bed,,,,,1,you,,,,,,
875908,00:14:35.908,m,it's okay if you're sleepy,0,,,,,,2,it,you,,,,,
888042,00:14:48.42,m,you want me to hold,0,,,,,,2,you,me,,,,,
888518,00:14:48.518,m,you want,0,,,,,,1,you,,,,,,
888964,00:14:48.964,m,mommy to hold you?,1,mommy,,,,,1,you,,,,,,
891854,00:14:51.854,m,okay,,,,,,,0,,,,,,,
892432,00:14:52.432,m,oh,0,,,,,,0,,,,,,,
897566,00:14:57.566,m,xxx musica?,1,musica,,,,,0,,,,,,,
899742,00:14:59.742,m,you want to hear music?,1,music,,,,,1,you,,,,,,
901340,00:15:01.340,m,more music?,1,music,,,,,0,,,,,,,
903822,00:15:03.822,m,more music?,1,music,,,,,0,,,,,,,
905930,00:15:05.930,m,okay,0,,,,,,0,,,,,,,
907970,00:15:07.970,m,xxx hear?,0,,,,,,0,,,,,,,
913954,00:15:13.954,m,you wanna xxx into the record player today?,1,recordplayer,,,,,1,you,,,,,,
925004,00:15:25.4,m,you want to reach that?,0,,,,,,2,you,that,,,,,
926126,00:15:26.126,m,you can play with the typewriter,1,typewriter,,,,,1,you,,,,,,
929151,00:15:29.151,m,xxx,0,,,,,,0,,,,,,,
936020,00:15:36.20,m,kay,0,,,,,,0,,,,,,,
936258,00:15:36.258,m,careful of your little fingers,1,fingers,,,,,1,your,,,,,,
951048,00:15:51.48,m,you wanna do a puzzle?,1,puzzle,,,,,1,you,,,,,,
952748,00:15:52.748,m,let's do a puzzle,1,puzzle,,,,,0,,,,,,,
962812,00:16:02.812,m,okay,0,,,,,,0,,,,,,,
967572,00:16:07.572,m,rawr [growling],0,,,,,,0,,,,,,,
970836,00:16:10.836,m,rawr [growling],0,,,,,,0,,,,,,,
1000688,00:16:40.688,m,[adult babble],0,,,,,,0,,,,,,,
1001980,00:16:41.980,m,[laughing],0,,,,,,0,,,,,,,
1004326,00:16:44.326,m,what?,0,,,,,,0,,,,,,,
1005074,00:16:45.74,m,where'd it go?,0,,,,,,1,it,,,,,,
1007080,00:16:47.80,m,[adult babble],0,,,,,,0,,,,,,,
1007998,00:16:47.998,m,where is it?,0,,,,,,1,it,,,,,,
1009222,00:16:49.222,m,oh,0,,,,,,0,,,,,,,
1010242,00:16:50.242,m,there it is,0,,,,,,1,it,,,,,,
1013200,00:16:53.200,m,rawr [growling],0,,,,,,0,,,,,,,
1014492,00:16:54.492,m,[growling],0,,,,,,0,,,,,,,
1023672,00:17:03.672,m,[adult babble],0,,,,,,0,,,,,,,
1024420,00:17:04.420,m,[adult babble],0,,,,,,0,,,,,,,
1026630,00:17:06.630,m,where did it go?,0,,,,,,1,it,,,,,,
1028432,00:17:08.432,m,did you see it?,0,,,,,,1,it,,,,,,
1029928,00:17:09.928,m,where is it?,0,,,,,,1,it,,,,,,
1031900,00:17:11.900,m,where is it?,0,,,,,,1,it,,,,,,
1032954,00:17:12.954,m,where did,0,,,,,,0,,,,,,,
1033532,00:17:13.532,m,where is it?,0,,,,,,1,it,,,,,,
1035095,00:17:15.95,m,I don't know,0,,,,,,1,i,,,,,,
1035572,00:17:15.572,m,I guess we lost it,0,,,,,,2,i,it,,,,,
1039890,00:17:19.890,m,oh,0,,,,,,0,,,,,,,
1040536,00:17:20.536,m,oh,0,,,,,,0,,,,,,,
1041726,00:17:21.726,m,there it is,0,,,,,,1,it,,,,,,
1042882,00:17:22.882,m,there's mister rhino,1,misterrhino,,,,,0,,,,,,,
1044990,00:17:24.990,m,[gasp],0,,,,,,0,,,,,,,
1047438,00:17:27.438,m,I don't know,0,,,,,,1,i,,,,,,
1048254,00:17:28.254,m,wait,0,,,,,,0,,,,,,,
1050192,00:17:30.192,m,where is it?,0,,,,,,1,it,,,,,,
1052300,00:17:32.300,m,guess we lost it,0,,,,,,2,we,it,,,,,
1058590,00:17:38.590,m,I don't know,0,,,,,,1,i,,,,,,
1060562,00:17:40.562,m,we have to keep playing without it,0,,,,,,2,we,it,,,,,
1062330,00:17:42.330,m,I haven't seen mister uh,1,mister,,,,,1,i,,,,,,
1064789,00:17:44.789,m,mister hippopatomus anywhere,1,misterhippopatomus,,,,,0,,,,,,,
1068008,00:17:48.8,m,[gasp],0,,,,,,0,,,,,,,
1068688,00:17:48.688,m,oh no,0,,,,,,0,,,,,,,
1069130,00:17:49.130,m,mister ostrich,1,misterostrich,,,,,0,,,,,,,
1071068,00:17:51.68,m,where did he go?,0,,,,,,1,he,,,,,,
1074604,00:17:54.604,m,mister ostrich?,1,misterostrich,,,,,0,,,,,,,
1076644,00:17:56.644,m,[gasp],0,,,,,,0,,,,,,,
1077834,00:17:57.834,m,all gone,0,,,,,,0,,,,,,,
1079568,00:17:59.568,m,mister ostrich,1,misterostrich,,,,,0,,,,,,,
1080418,00:18:00.418,m,nope,0,,,,,,0,,,,,,,
1083614,00:18:03.614,m,hey,0,,,,,,0,,,,,,,
1083750,00:18:03.750,m,are you eating all those animals?,1,animals,,,,,2,you,those,,,,,
1086028,00:18:06.28,m,are they in your belly?,1,belly,,,,,2,they,your,,,,,
1088068,00:18:08.68,m,yeah?,0,,,,,,0,,,,,,,
1088986,00:18:08.986,m,oh my gosh,0,,,,,,0,,,,,,,
1089530,00:18:09.530,m,you're hungry,0,,,,,,1,you,,,,,,
1091366,00:18:11.366,m,you must be so hungry,0,,,,,,1,you,,,,,,
1092828,00:18:12.828,m,you're eating a zebra and a rhi and a rhino and a hippo and a giraffe,4,zebra,rhino,hippo,giraffe,,1,you,,,,,,
1099084,00:18:19.84,m,rawr [growling],0,,,,,,0,,,,,,,
1100308,00:18:20.308,m,rawr [laughing],0,,,,,,0,,,,,,,
1104354,00:18:24.354,m,wait wait a minute,1,minute,,,,,0,,,,,,,
1106224,00:18:26.224,m,hey,0,,,,,,0,,,,,,,
1108468,00:18:28.468,m,there they are,0,,,,,,1,they,,,,,,
1110644,00:18:30.644,m,you found them,0,,,,,,2,you,them,,,,,
1113840,00:18:33.840,m,you found them,0,,,,,,2,you,them,,,,,
1116900,00:18:36.900,m,oh wait,0,,,,,,0,,,,,,,
1117342,00:18:37.342,m,where'd he go?,0,,,,,,1,he,,,,,,
1118872,00:18:38.872,m,[laughing],0,,,,,,0,,,,,,,
1120334,00:18:40.334,m,kay,0,,,,,,0,,,,,,,
1132302,00:18:52.302,m,rawr [growling],0,,,,,,0,,,,,,,
1133084,00:18:53.84,m,[adult babble],0,,,,,,0,,,,,,,
1134104,00:18:54.104,m,where did all the pieces go?,1,pieces,,,,,0,,,,,,,
1136348,00:18:56.348,m,hey,0,,,,,,0,,,,,,,
1137640,00:18:57.640,m,where's the puzzle?,1,puzzle,,,,,0,,,,,,,
1139442,00:18:59.442,m,where is it?,0,,,,,,1,it,,,,,,
1142264,00:19:02.264,m,where did it go?,0,,,,,,1,it,,,,,,
1147564,00:19:07.564,m,you know where it is,0,,,,,,2,you,it,,,,,
1149438,00:19:09.438,m,[laughing],0,,,,,,0,,,,,,,
1168206,00:19:28.206,m,[growling],0,,,,,,0,,,,,,,
1179528,00:19:39.528,m,is that your belly?,1,belly,,,,,2,that,your,,,,,
1180480,00:19:40.480,m,is that your belly button?,1,bellybutton,,,,,2,that,your,,,,,
1182248,00:19:42.248,m,[gasp],0,,,,,,0,,,,,,,
1183166,00:19:43.166,m,there's your belly button,1,bellybutton,,,,,1,your,,,,,,
1185920,00:19:45.920,m,[name] where's your nose?,1,nose,,,,,1,your,,,,,,
1189014,00:19:49.14,m,where's your nose?,1,nose,,,,,1,your,,,,,,
1195406,00:19:55.406,m,there's your nose,1,nose,,,,,1,your,,,,,,
1221246,00:20:21.246,m,look,0,,,,,,0,,,,,,,
1244146,00:20:44.146,m,okay,0,,,,,,0,,,,,,,
1267622,00:21:07.622,m,[heartbeat noise],0,,,,,,0,,,,,,,
1269050,00:21:09.50,m,baby look,1,baby,,,,,0,,,,,,,
1270002,00:21:10.2,m,[heartbeat noise],0,,,,,,0,,,,,,,
1272212,00:21:12.212,m,xxx,0,,,,,,0,,,,,,,
1272654,00:21:12.654,m,you're like,0,,,,,,1,you,,,,,,
1273096,00:21:13.96,m,not interacting with me right now,0,,,,,,1,me,,,,,,
1274796,00:21:14.796,m,okay,0,,,,,,0,,,,,,,
1313726,00:21:53.726,m,[chuckle],0,,,,,,0,,,,,,,
1345108,00:22:25.108,m,wanna sing a song?,1,song,,,,,0,,,,,,,
1346910,00:22:26.910,m,you wanna sing Linda Manita?,1,lindamanitasong,,,,,1,you,,,,,,
1382916,00:23:02.916,m,okay,0,,,,,,0,,,,,,,
1468562,00:24:28.562,m,you haven't read Odysseus in a while,1,odysseusbook,,,,,1,you,,,,,,
1521398,00:25:21.398,m,wanna read it again?,0,,,,,,1,it,,,,,,
1523268,00:25:23.268,m,okay,0,,,,,,0,,,,,,,
1611430,00:26:51.430,m,and then whenever grandpa reads this to you,1,grandpa,,,,,2,this,you,,,,,
1613436,00:26:53.436,m,he reads you the last part but I'm gonna skip that,1,part,,,,,2,he,you,that,,,,
1624520,00:27:04.520,m,you wanna sit?,0,,,,,,1,you,,,,,,
1626016,00:27:06.16,m,okay,0,,,,,,0,,,,,,,
1658044,00:27:38.44,m,do you want a banana?,1,banana,,,,,1,you,,,,,,
1661376,00:27:41.376,m,okay,0,,,,,,0,,,,,,,
1661954,00:27:41.954,m,where do you wanna go?,0,,,,,,1,you,,,,,,
1668618,00:27:48.618,m,you wanna dance?,0,,,,,,1,you,,,,,,
1688270,00:28:08.270,m,please don't drop that on your foot,0,,,,,,2,that,your,,,,,
1712852,00:28:32.852,m,want water?,1,water,,,,,0,,,,,,,
1722032,00:28:42.32,m,you know [name],0,,,,,,1,you,,,,,,
1722746,00:28:42.746,m,right now we normally would be battling,0,,,,,,1,we,,,,,,
1725092,00:28:45.92,m,over Echo,1,echo,,,,,0,,,,,,,
1726316,00:28:46.316,m,or over someone's phone,1,phone,,,,,0,,,,,,,
1730770,00:28:50.770,m,so [laughing],0,,,,,,0,,,,,,,
1738760,00:28:58.760,m,[gasp],0,,,,,,0,,,,,,,
1740120,00:29:00.120,m,where did the crayon go?,1,crayon,,,,,0,,,,,,,
1744506,00:29:04.506,m,[gasp],0,,,,,,0,,,,,,,
1746784,00:29:06.784,m,is that a crayon?,1,crayon,,,,,1,that,,,,,,
1748892,00:29:08.892,m,[adult babble],0,,,,,,0,,,,,,,
1750014,00:29:10.14,m,do you have a crayon?,1,crayon,,,,,1,you,,,,,,
1753074,00:29:13.74,m,are you holding a crayon under your arm?,2,crayon,arm,,,,2,you,your,,,,,
1758854,00:29:18.854,m,it disappeared,0,,,,,,1,it,,,,,,
1759704,00:29:19.704,m,where did it go?,0,,,,,,1,it,,,,,,
1762254,00:29:22.254,m,where did it go?,0,,,,,,1,it,,,,,,
1789148,00:29:49.148,m,okay,0,,,,,,0,,,,,,,
1789420,00:29:49.420,m,honey I don't want those to fall on your foot,2,honey,foot,,,,3,i,those,your,,,,
1809616,00:30:09.616,m,xxx you wanna put your shoes on?,1,shoes,,,,,2,you,your,,,,,
1812948,00:30:12.948,m,ow,0,,,,,,0,,,,,,,
1813390,00:30:13.390,m,see that hurts,0,,,,,,1,that,,,,,,
1814512,00:30:14.512,m,no don't,0,,,,,,0,,,,,,,
1820292,00:30:20.292,m,you wanna put your shoes on?,1,shoes,,,,,2,you,your,,,,,
1899580,00:31:39.580,m,baby,1,baby,,,,,0,,,,,,,
1900124,00:31:40.124,m,do you wanna play downstairs?,1,downstairs,,,,,1,you,,,,,,
1903456,00:31:43.456,m,you wanna go downstairs?,1,downstairs,,,,,1,you,,,,,,
1904544,00:31:44.544,m,see grandma and grandpa?,2,grandma,grandpa,,,,0,,,,,,,
1912670,00:31:52.670,m,yeah baby?,1,baby,,,,,0,,,,,,,
1916954,00:31:56.954,m,you want me to get up?,0,,,,,,2,you,me,,,,,
1929704,00:32:09.704,m,no?,0,,,,,,0,,,,,,,
1930452,00:32:10.452,m,wanna go?,0,,,,,,0,,,,,,,
1932662,00:32:12.662,m,you wanna go downstairs?,1,downstairs,,,,,1,you,,,,,,
1934668,00:32:14.668,m,we can go downstairs,1,downstairs,,,,,1,we,,,,,,
1935620,00:32:15.620,m,yeah,0,,,,,,0,,,,,,,
1940992,00:32:20.992,m,kay you wanna walk down the stairs like a big girl?,2,stairs,girl,,,,1,you,,,,,,
1947486,00:32:27.486,m,okay,0,,,,,,0,,,,,,,
1948676,00:32:28.676,m,now I need you to hold on,0,,,,,,2,i,you,,,,,
1949832,00:32:29.832,m,let mommy go first,1,mommy,,,,,0,,,,,,,
1954116,00:32:34.116,m,hold on here,0,,,,,,0,,,,,,,
1961528,00:32:41.528,m,come on baby,1,baby,,,,,0,,,,,,,
1962820,00:32:42.820,m,come on,0,,,,,,0,,,,,,,
1969858,00:32:49.858,m,honey,1,honey,,,,,0,,,,,,,
1971252,00:32:51.252,m,Orit's working,1,orit,,,,,0,,,,,,,
1971996,00:32:51.996,m,so pretend that it's just us,0,,,,,,2,that,it,,,,,
1975536,00:32:55.536,m,okay,0,,,,,,0,,,,,,,
1976862,00:32:56.862,m,okay,0,,,,,,0,,,,,,,
1979480,00:32:59.480,m,xxx we're gonna pretend,0,,,,,,1,we,,,,,,
1984036,00:33:04.36,m,look at you,0,,,,,,1,you,,,,,,
1985260,00:33:05.260,m,walking like a big girl,1,girl,,,,,0,,,,,,,
1986994,00:33:06.994,m,you're walking down the stairs like a big girl now,2,stairs,girl,,,,1,you,,,,,,
2017934,00:33:37.934,m,okay come on,0,,,,,,0,,,,,,,
2018886,00:33:38.886,m,okay wait for mommy,1,mommy,,,,,0,,,,,,,
2021436,00:33:41.436,m,honey,1,honey,,,,,0,,,,,,,
2021844,00:33:41.844,m,you have to wait for me,0,,,,,,2,you,me,,,,,
2022932,00:33:42.932,m,cause I'm gonna go down first okay?,0,,,,,,1,i,,,,,,
2059550,00:34:19.550,m,okay honey,1,honey,,,,,0,,,,,,,
2060400,00:34:20.400,m,grandma and grandpa aren't here,2,grandma,grandpa,,,,0,,,,,,,
2062746,00:34:22.746,m,they're out,0,,,,,,1,they,,,,,,
2064412,00:34:24.412,m,grandpa's working,1,grandpa,,,,,0,,,,,,,
2066724,00:34:26.724,m,and grandma's at the doctor,2,grandma,doctor,,,,0,,,,,,,
2071246,00:34:31.246,m,do you wanna see Tati later?,1,tati,,,,,1,you,,,,,,
2080154,00:34:40.154,m,oh no,0,,,,,,0,,,,,,,
2108068,00:35:08.68,m,you wanna read a book?,1,book,,,,,1,you,,,,,,
2129454,00:35:29.454,m,okay,0,,,,,,0,,,,,,,
2130168,00:35:30.168,m,let's read First A Hundred Words,1,firstahundredwordsbook,,,,,0,,,,,,,
2138056,00:35:38.56,m,are you a bunny?,1,bunny,,,,,1,you,,,,,,
2142782,00:35:42.782,m,are you a bunny?,1,bunny,,,,,1,you,,,,,,
2144074,00:35:44.74,m,are you conejito?,1,conejito,,,,,1,you,,,,,,
2216290,00:36:56.290,m,are you gonna go get the DVD player and start playing with it?,1,dvdplayer,,,,,2,you,it,,,,,
2318936,00:38:38.936,m,xxx,0,,,,,,0,,,,,,,
2320738,00:38:40.738,m,meow meow,0,,,,,,0,,,,,,,
2322098,00:38:42.98,m,meow,0,,,,,,0,,,,,,,
2358104,00:39:18.104,m,do you brush your teeth?,1,teeth,,,,,2,you,your,,,,,
2360314,00:39:20.314,m,yeah,0,,,,,,0,,,,,,,
2361402,00:39:21.402,m,you brush your teeth with my toothbrush?,2,teeth,toothbrush,,,,3,you,your,my,,,,
2363714,00:39:23.714,m,yeah,0,,,,,,0,,,,,,,
2364802,00:39:24.802,m,you know you have your own toothbrush,1,toothbrush,,,,,3,you,you,your,,,,
2366604,00:39:26.604,m,but you wanna use mine all the time,0,,,,,,2,you,mine,,,,,
2369902,00:39:29.902,m,yeah,0,,,,,,0,,,,,,,
2385168,00:39:45.168,m,what'd you say?,0,,,,,,1,you,,,,,,
2387242,00:39:47.242,m,tired?,0,,,,,,0,,,,,,,
2396252,00:39:56.252,m,what is it?,0,,,,,,1,it,,,,,,
2412878,00:40:12.878,m,kay,0,,,,,,0,,,,,,,
2424200,00:40:24.200,m,xxx,0,,,,,,0,,,,,,,
2457384,00:40:57.384,m,you want mommy to read you that book?,2,mommy,book,,,,3,you,you,that,,,,
2469692,00:41:09.692,m,you know what we can do?,0,,,,,,2,you,we,,,,,
2470848,00:41:10.848,m,do you wanna take,0,,,,,,1,you,,,,,,
2472310,00:41:12.310,m,do you wanna push your stroller?,1,stroller,,,,,2,you,your,,,,,
2476390,00:41:16.390,m,okay,0,,,,,,0,,,,,,,
2496518,00:41:36.518,m,oh my god,0,,,,,,0,,,,,,,
2497130,00:41:37.130,m,another puzzle,1,puzzle,,,,,0,,,,,,,
2501754,00:41:41.754,m,mommy's gonna do a puzzle,2,mommy,puzzle,,,,0,,,,,,,
2524024,00:42:04.24,m,look it's a meow meow,1,meowmeow,,,,,1,it,,,,,,
2525656,00:42:05.656,m,meow,0,,,,,,0,,,,,,,
2527560,00:42:07.560,m,meow,0,,,,,,0,,,,,,,
2564654,00:42:44.654,m,[name] where's your baby?,1,baby,,,,,1,your,,,,,,
2567952,00:42:47.952,m,do you see baby Coco?,1,babycoco,,,,,1,you,,,,,,
2570910,00:42:50.910,m,I don't see baby Coco,1,babycoco,,,,,1,i,,,,,,
2582198,00:43:02.198,m,it's your hairpin,1,hairpin,,,,,2,it,your,,,,,
2582708,00:43:02.708,m,can mommy put it in your hair?,2,mommy,hair,,,,2,it,your,,,,,
2594914,00:43:14.914,m,you know what we can do later?,0,,,,,,2,you,we,,,,,
2596682,00:43:16.682,m,TiTi's gonna come over,1,titi,,,,,0,,,,,,,
2598178,00:43:18.178,m,and she's gonna play with you,0,,,,,,2,she,you,,,,,
2599572,00:43:19.572,m,read you stories,1,stories,,,,,1,you,,,,,,
2600626,00:43:20.626,m,you don't like that?,0,,,,,,2,you,that,,,,,
2601952,00:43:21.952,m,we gotta get your hair out of your face,2,hair,face,,,,3,we,your,your,,,,
2603992,00:43:23.992,m,and later on today we can go to the park,1,park,,,,,1,we,,,,,,
2620754,00:43:40.754,m,oh thank you,0,,,,,,1,you,,,,,,
2629526,00:43:49.526,m,do you wanna put your hair up?,1,hair,,,,,2,you,your,,,,,
2631668,00:43:51.668,m,do you wanna put your hair up in a hairband,2,hair,hairband,,,,2,you,your,,,,,
2634116,00:43:54.116,m,[adult babble],0,,,,,,0,,,,,,,
2634898,00:43:54.898,m,like this?,0,,,,,,0,,,,,,,
2706468,00:45:06.468,m,do you wanna kick the ball?,1,ball,,,,,1,you,,,,,,
2707352,00:45:07.352,m,let's kick the ball,1,ball,,,,,0,,,,,,,
2708780,00:45:08.780,m,okay,0,,,,,,0,,,,,,,
2710174,00:45:10.174,m,okay,0,,,,,,0,,,,,,,
2711426,00:45:11.426,m,xxx,0,,,,,,0,,,,,,,
2713574,00:45:13.574,m,ouchie,0,,,,,,0,,,,,,,
2716192,00:45:16.192,m,ouchie,0,,,,,,0,,,,,,,
2718640,00:45:18.640,m,ouch,0,,,,,,0,,,,,,,
2720884,00:45:20.884,m,okay,0,,,,,,0,,,,,,,
2721496,00:45:21.496,m,that's gonna cut,0,,,,,,1,that,,,,,,
2722754,00:45:22.754,m,if you wanna keep it there you can,0,,,,,,2,you,it,,,,,
2724046,00:45:24.46,m,but it's gonna cut off your circulation,1,circulation,,,,,2,it,your,,,,,
2728500,00:45:28.500,m,[adult babble],0,,,,,,0,,,,,,,
2752946,00:45:52.946,m,[laughing],0,,,,,,0,,,,,,,
2765696,00:46:05.696,m,oh thank you,0,,,,,,1,you,,,,,,
2768008,00:46:08.8,m,[adult babble],0,,,,,,0,,,,,,,
2775896,00:46:15.896,m,you wanna take the stroller for a ride?,2,stroller,ride,,,,1,you,,,,,,
2788374,00:46:28.374,m,honey do you want yogurt?,2,honey,yogurt,,,,1,you,,,,,,
2795140,00:46:35.140,m,mmm,0,,,,,,0,,,,,,,
2796262,00:46:36.262,m,I think it's too early for you to eat anyway,0,,,,,,3,i,it,you,,,,
2808638,00:46:48.638,m,I don't know,0,,,,,,1,i,,,,,,
2809454,00:46:49.454,m,[adult babble],0,,,,,,0,,,,,,,
2811086,00:46:51.86,m,[adult babble],0,,,,,,0,,,,,,,
2811630,00:46:51.630,m,where did it go?,0,,,,,,0,,,,,,,
2822884,00:47:02.884,m,uh oh,0,,,,,,0,,,,,,,
2827406,00:47:07.406,m,uh oh,0,,,,,,0,,,,,,,
2828256,00:47:08.256,m,it fell,0,,,,,,0,,,,,,,
2841176,00:47:21.176,m,yeah?,0,,,,,,0,,,,,,,
2855014,00:47:35.14,m,yeah baby,1,baby,,,,,0,,,,,,,
2857802,00:47:37.802,m,oh you want me to get the ball for you?,1,ball,,,,,3,you,me,you,,,,
2859842,00:47:39.842,m,okay,0,,,,,,0,,,,,,,
2863480,00:47:43.480,m,okay we might need to get a broom,1,broom,,,,,1,we,,,,,,
2866812,00:47:46.812,m,I think I can reach it,0,,,,,,3,i,i,it,,,,
2868920,00:47:48.920,m,oh your bottle's under there too,1,bottle,,,,,1,your,,,,,,
2870688,00:47:50.688,m,let's go wash that,0,,,,,,1,that,,,,,,
2872728,00:47:52.728,m,okay baby I'm gonna wash your bottle out,2,baby,bottle,,,,2,i,your,,,,,
2965242,00:49:25.242,m,okay,0,,,,,,0,,,,,,,
2966092,00:49:26.92,m,I have to go to the bathroom,1,bathroom,,,,,1,i,,,,,,
2996590,00:49:56.590,m,okay,0,,,,,,0,,,,,,,
2998120,00:49:58.120,m,come on baby,1,baby,,,,,0,,,,,,,
2998630,00:49:58.630,m,we're gonna go to the bathroom,1,bathroom,,,,,1,we,,,,,,
3000024,00:50:00.24,m,come on mommy has to go to the bathroom,2,mommy,bathroom,,,,0,,,,,,,
3001350,00:50:01.350,m,let's go,0,,,,,,0,,,,,,,
3152548,00:52:32.548,m,it's not too hot,0,,,,,,1,it,,,,,,
3157036,00:52:37.36,m,xxx we don't have to wash your hands right now,1,hands,,,,,2,we,your,,,,,
3158906,00:52:38.906,m,but we can,0,,,,,,1,we,,,,,,
3159620,00:52:39.620,m,why not,0,,,,,,0,,,,,,,
3166182,00:52:46.182,m,washing xxx,0,,,,,,0,,,,,,,
3168732,00:52:48.732,m,wash those hands,1,hands,,,,,1,those,,,,,,
3173928,00:52:53.928,m,ch ch ch,0,,,,,,0,,,,,,,
3174036,00:52:54.36,m,we're gonna wash your hands,1,hands,,,,,2,we,your,,,,,
3177572,00:52:57.572,m,wash your hands,1,hands,,,,,1,your,,,,,,
3180836,00:53:00.836,m,xxx,0,,,,,,0,,,,,,,
3182638,00:53:02.638,m,okay xxx,0,,,,,,0,,,,,,,
3183590,00:53:03.590,m,right there,0,,,,,,0,,,,,,,
3185324,00:53:05.324,m,thank you,0,,,,,,1,you,,,,,,
3190560,00:53:10.560,m,xxx,0,,,,,,0,,,,,,,
3192702,00:53:12.702,m,yeah,0,,,,,,0,,,,,,,
3193280,00:53:13.280,m,that xxx hand,1,hand,,,,,1,that,,,,,,
3195694,00:53:15.694,m,xxx,0,,,,,,0,,,,,,,
3201712,00:53:21.712,m,that's your towel honey,2,towel,honey,,,,2,that,your,,,,,
3203480,00:53:23.480,m,yeah,0,,,,,,0,,,,,,,
3203888,00:53:23.888,m,we have to rinse your other hand,1,hand,,,,,2,we,your,,,,,
3209056,00:53:29.56,m,okay come here,0,,,,,,0,,,,,,,
3210586,00:53:30.586,m,over here,0,,,,,,0,,,,,,,
3212350,00:53:32.350,m,come here,0,,,,,,0,,,,,,,
3212864,00:53:32.864,m,we gotta rinse this hand,1,hand,,,,,2,we,this,,,,,
3215686,00:53:35.686,m,wash,0,,,,,,0,,,,,,,
3217012,00:53:37.12,m,can I have this hand please?,1,hand,,,,,2,i,this,,,,,
3218269,00:53:38.269,m,can I borrow it?,0,,,,,,2,i,it,,,,,
3219324,00:53:39.324,m,can I please borrow your hand please,1,hand,,,,,2,i,your,,,,,
3222486,00:53:42.486,m,let me borrow your hand,1,hand,,,,,2,me,your,,,,,
3225240,00:53:45.240,m,you wanna have soap on your hand?,2,soap,hand,,,,2,you,your,,,,,
3228028,00:53:48.28,m,no?,0,,,,,,0,,,,,,,
3228436,00:53:48.436,m,but you do,0,,,,,,1,you,,,,,,
3229388,00:53:49.388,m,you do have soap on your hand,2,soap,hand,,,,2,you,your,,,,,
3232108,00:53:52.108,m,you have soap,1,soap,,,,,1,you,,,,,,
3232652,00:53:52.652,m,you have a soapy hand,1,hand,,,,,1,you,,,,,,
3234250,00:53:54.250,m,can we please rinse it?,0,,,,,,2,we,it,,,,,
3235916,00:53:55.916,m,please?,0,,,,,,0,,,,,,,
3237276,00:53:57.276,m,please?,0,,,,,,0,,,,,,,
3237854,00:53:57.854,m,come here,0,,,,,,0,,,,,,,
3239384,00:53:59.384,m,honey we have to wash your hands,2,honey,hands,,,,2,we,your,,,,,
3240710,00:54:00.710,m,come on,0,,,,,,0,,,,,,,
3242240,00:54:02.240,m,you have soap all over your hand,2,soap,hand,,,,2,you,your,,,,,
3245300,00:54:05.300,m,come on,0,,,,,,0,,,,,,,
3248632,00:54:08.632,m,yes,0,,,,,,0,,,,,,,
3249618,00:54:09.618,m,please,0,,,,,,0,,,,,,,
3251420,00:54:11.420,m,it'll be really quick,0,,,,,,1,it,,,,,,
3254344,00:54:14.344,m,okay,0,,,,,,0,,,,,,,
3254820,00:54:14.820,m,if you wanna have,0,,,,,,1,you,,,,,,
3255908,00:54:15.908,m,soapy hands that's fine with me,1,hands,,,,,2,that,me,,,,,
3259580,00:54:19.580,m,okay,0,,,,,,0,,,,,,,
3263932,00:54:23.932,m,okay come here,0,,,,,,0,,,,,,,
3265020,00:54:25.20,m,xxx,0,,,,,,0,,,,,,,
3270562,00:54:30.562,m,did you do poopy?,1,poopy,,,,,1,you,,,,,,
3272976,00:54:32.976,m,no,0,,,,,,0,,,,,,,
3273384,00:54:33.384,m,I don't think you did,0,,,,,,2,i,you,,,,,
3278671,00:54:38.671,m,[lip trill],0,,,,,,0,,,,,,,
3281000,00:54:41.0,m,[lip trill],0,,,,,,0,,,,,,,
3283244,00:54:43.244,m,[lip trill],0,,,,,,0,,,,,,,
3298782,00:54:58.782,m,[adult babble],0,,,,,,0,,,,,,,
3306194,00:55:06.194,m,[laughing],0,,,,,,0,,,,,,,
3317448,00:55:17.448,m,you want an orange?,1,orange,,,,,1,you,,,,,,
3320406,00:55:20.406,m,you want an orange?,1,orange,,,,,1,you,,,,,,
3335366,00:55:35.366,m,if you take the label off can you please give it to mommy?,2,label,mommy,,,,3,you,you,it,,,,
3340942,00:55:40.942,m,can you give that to mommy please?,1,mommy,,,,,2,you,that,,,,,
3343152,00:55:43.152,m,yeah it's a label,1,label,,,,,1,it,,,,,,
3347742,00:55:47.742,m,you can play with it,0,,,,,,2,you,it,,,,,
3348626,00:55:48.626,m,but if it ends up in your mouth I take it away okay?,1,mouth,,,,,3,it,your,i,it,,,
3371610,00:56:11.610,m,you could put it on me,0,,,,,,3,you,it,me,,,,
3374806,00:56:14.806,m,or you could put it on you,0,,,,,,3,you,it,you,,,,
3382660,00:56:22.660,m,ooh,0,,,,,,0,,,,,,,
3383612,00:56:23.612,m,beautiful,0,,,,,,0,,,,,,,
3388372,00:56:28.372,m,xxx what's this?,0,,,,,,1,this,,,,,,
3393812,00:56:33.812,m,did you get a bite?,1,bite,,,,,1,you,,,,,,
3395240,00:56:35.240,m,what is that?,0,,,,,,1,that,,,,,,
3425092,00:57:05.92,m,[adult babble],0,,,,,,0,,,,,,,
3433116,00:57:13.116,m,xxx your pillows,1,pillows,,,,,1,your,,,,,,
3434306,00:57:14.306,m,[adult babble],0,,,,,,0,,,,,,,
3437876,00:57:17.876,m,[snoring sound],0,,,,,,0,,,,,,,
3442568,00:57:22.568,m,ah it's your pillow,1,pillow,,,,,2,it,your,,,,,
3444472,00:57:24.472,m,your pillow,1,pillow,,,,,1,your,,,,,,
3447872,00:57:27.872,m,oh sleepy time,0,,,,,,0,,,,,,,
3451476,00:57:31.476,m,that's your ball,1,ball,,,,,2,that,your,,,,,
3453652,00:57:33.652,m,that's yours,0,,,,,,2,that,yours,,,,,
3454332,00:57:34.332,m,do you want it?,0,,,,,,2,you,it,,,,,
3455318,00:57:35.318,m,okay,0,,,,,,0,,,,,,,
3456236,00:57:36.236,m,okay,0,,,,,,0,,,,,,,
3469224,00:57:49.224,m,[gasp],0,,,,,,0,,,,,,,
3470312,00:57:50.312,m,who's coming,0,,,,,,0,,,,,,,
3480240,00:58:00.240,m,oh,0,,,,,,0,,,,,,,
3540352,00:59:00.352,m,it's okay honey,1,honey,,,,,1,it,,,,,,
3541270,00:59:01.270,m,he's working,0,,,,,,1,he,,,,,,
3542494,00:59:02.494,m,we'll see him later on,0,,,,,,2,we,him,,,,,
3544417,00:59:04.417,m,when he's done working,0,,,,,,1,he,,,,,,
3545180,00:59:05.180,m,we're gonna go to the park later okay?,1,park,,,,,1,we,,,,,,
3548138,00:59:08.138,m,I know,0,,,,,,1,i,,,,,,
3550416,00:59:10.416,m,I know,0,,,,,,1,i,,,,,,
3552898,00:59:12.898,m,I know,0,,,,,,1,i,,,,,,
3554122,00:59:14.122,m,I know,0,,,,,,1,i,,,,,,
3555448,00:59:15.448,m,I know,0,,,,,,1,i,,,,,,
3557896,00:59:17.896,m,what?,0,,,,,,0,,,,,,,
3562588,00:59:22.588,m,what are you pointing at?,0,,,,,,1,you,,,,,,
3566872,00:59:26.872,m,did you say George?,1,george,,,,,1,you,,,,,,
3574216,00:59:34.216,m,can you please stop biting on that?,0,,,,,,2,you,that,,,,,
3576834,00:59:36.834,m,thank you,0,,,,,,1,you,,,,,,
3582920,00:59:42.920,m,oh,0,,,,,,0,,,,,,,
3583294,00:59:43.294,m,I'm sorry,0,,,,,,1,i,,,,,,
3595058,00:59:55.58,m,okay,0,,,,,,0,,,,,,,
3595772,00:59:55.772,m,we have to change your diaper,1,diaper,,,,,2,we,your,,,,,
3598152,00:59:58.152,m,alright,0,,,,,,0,,,,,,,
3621408,01:00:21.408,m,come on,0,,,,,,0,,,,,,,
3632526,01:00:32.526,m,xxx let's change your diaper,1,diaper,,,,,1,your,,,,,,
3634668,01:00:34.668,m,okay,0,,,,,,0,,,,,,,
3644018,01:00:44.18,m,xxx,0,,,,,,0,,,,,,,
3653878,01:00:53.878,m,did you do caca?,1,caca,,,,,1,you,,,,,,
3657992,01:00:57.992,m,come,0,,,,,,0,,,,,,,
3659556,01:00:59.556,m,come here,0,,,,,,0,,,,,,,
3660270,01:01:00.270,m,please,0,,,,,,0,,,,,,,
3660678,01:01:00.678,m,we have to change your diaper,1,diaper,,,,,2,we,your,,,,,
3661970,01:01:01.970,m,come on,0,,,,,,0,,,,,,,
3662548,01:01:02.548,m,let's change your diaper,1,diaper,,,,,1,your,,,,,,
3664690,01:01:04.690,m,[grunt],0,,,,,,0,,,,,,,
3668362,01:01:08.362,m,[grunt],0,,,,,,0,,,,,,,
3707394,01:01:47.394,m,come on,0,,,,,,0,,,,,,,
3713990,01:01:53.990,m,ooh,0,,,,,,0,,,,,,,
3715649,01:01:55.649,m,xxx,0,,,,,,0,,,,,,,
3744726,01:02:24.726,m,can you be careful with that please?,0,,,,,,2,you,that,,,,,
3746936,01:02:26.936,m,that's not a toy,1,toy,,,,,1,that,,,,,,
3787464,01:03:07.464,m,that's grandma's walker,1,grandmaswalker,,,,,1,that,,,,,,
3793516,01:03:13.516,m,oh thank you,0,,,,,,1,you,,,,,,
3794876,01:03:14.876,m,thank you,0,,,,,,1,you,,,,,,
3797324,01:03:17.324,m,okay I'll just put on your diaper okay?,1,diaper,,,,,2,i,your,,,,,
3818234,01:03:38.234,m,hey,0,,,,,,0,,,,,,,
3820682,01:03:40.682,m,you know what baby?,1,baby,,,,,1,you,,,,,,
3821702,01:03:41.702,m,that's really not safe okay?,0,,,,,,1,that,,,,,,
3824048,01:03:44.48,m,can you please don't do that?,0,,,,,,2,you,that,,,,,
3826768,01:03:46.768,m,[sigh],0,,,,,,0,,,,,,,
3829828,01:03:49.828,m,okay you know what honey?,1,honey,,,,,1,you,,,,,,
3831833,01:03:51.833,m,ah okay [sighing],0,,,,,,0,,,,,,,
3844618,01:04:04.618,m,baby I have to wash my hands,2,baby,hands,,,,2,i,my,,,,,
3847338,01:04:07.338,m,okay I don't want your fingers to get caught in that,1,fingers,,,,,3,i,your,that,,,,
3870016,01:04:30.16,m,I have to go wash my hands,1,hands,,,,,2,i,my,,,,,
3871886,01:04:31.886,m,can you please come down?,0,,,,,,1,you,,,,,,
3875830,01:04:35.830,m,okay,0,,,,,,0,,,,,,,
3878278,01:04:38.278,m,alright come here,0,,,,,,0,,,,,,,
3967664,01:06:07.664,m,[laughing],0,,,,,,0,,,,,,,
3968956,01:06:08.956,m,can you hop like a bunny?,1,bunny,,,,,1,you,,,,,,
3971302,01:06:11.302,m,[adult babble],0,,,,,,0,,,,,,,
3974056,01:06:14.56,m,[laughing],0,,,,,,0,,,,,,,
3976402,01:06:16.402,m,xxx we did the hopping like a bunny thing?,2,bunny,thing,,,,1,we,,,,,,
3979635,01:06:19.635,m,oh I bet that tastes great,0,,,,,,2,i,that,,,,,
3992416,01:06:32.416,m,do you learn how to,0,,,,,,1,you,,,,,,
3993436,01:06:33.436,m,did you,0,,,,,,1,you,,,,,,
3993844,01:06:33.844,m,do you hop at school?,1,school,,,,,1,you,,,,,,
4010980,01:06:50.980,m,come on,0,,,,,,0,,,,,,,
4011490,01:06:51.490,m,gotta get your pants on,1,pants,,,,,1,your,,,,,,
4014890,01:06:54.890,m,can we get your pants on please?,1,pants,,,,,2,we,your,,,,,
4018392,01:06:58.392,m,okay,0,,,,,,0,,,,,,,
4018902,01:06:58.902,m,come here,0,,,,,,0,,,,,,,
4123384,01:08:43.384,m,no,0,,,,,,0,,,,,,,
4125390,01:08:45.390,m,you want yogurt?,1,yogurt,,,,,1,you,,,,,,
4128586,01:08:48.586,m,okay honey you can't eat it out here,1,honey,,,,,2,you,it,,,,,
4130762,01:08:50.762,m,can I feed her yogurt?,1,yogurt,,,,,2,i,her,,,,,
4132462,01:08:52.462,m,okay,0,,,,,,0,,,,,,,
4133652,01:08:53.652,m,come on,0,,,,,,0,,,,,,,
4134060,01:08:54.60,m,let's go,0,,,,,,0,,,,,,,
4134638,01:08:54.638,m,honey you're gonna get it all over grandma's sofa,2,honey,grandmassofa,,,,2,you,it,,,,,
4144804,01:09:04.804,m,oh my god,0,,,,,,0,,,,,,,
4145484,01:09:05.484,m,you can open the yogurt,1,yogurt,,,,,1,you,,,,,,
4147116,01:09:07.116,m,very good,0,,,,,,0,,,,,,,
4148578,01:09:08.578,m,is that a baby?,1,baby,,,,,1,that,,,,,,
4150720,01:09:10.720,m,is that baby?,1,baby,,,,,1,that,,,,,,
4152488,01:09:12.488,m,yeah it's a little baby,1,baby,,,,,1,it,,,,,,
4154460,01:09:14.460,m,look,0,,,,,,0,,,,,,,
4155174,01:09:15.174,m,see the baby?,1,baby,,,,,0,,,,,,,
4157894,01:09:17.894,m,it's a baby,1,baby,,,,,1,it,,,,,,
4158370,01:09:18.370,m,you want some yogurt?,1,yogurt,,,,,1,you,,,,,,
4159764,01:09:19.764,m,kay we gotta eat in there,0,,,,,,1,we,,,,,,
4175574,01:09:35.574,m,did you put that in your mouth?,1,mouth,,,,,3,you,that,your,,,,
4180742,01:09:40.742,m,sorry baby,1,baby,,,,,0,,,,,,,
4181660,01:09:41.660,m,I don't want you to put that in your mouth okay?,1,mouth,,,,,4,i,you,that,your,,,
4200904,01:10:00.904,m,you want yogurt?,1,yogurt,,,,,1,you,,,,,,
4201788,01:10:01.788,m,come here,0,,,,,,0,,,,,,,
4213824,01:10:13.824,m,yeah?,0,,,,,,0,,,,,,,
4216680,01:10:16.680,m,come here,0,,,,,,0,,,,,,,
4295764,01:11:35.764,m,you wanna sit?,0,,,,,,1,you,,,,,,
4299912,01:11:39.912,m,are you gonna sit like a big girl?,1,girl,,,,,1,you,,,,,,
4302360,01:11:42.360,m,xxx,0,,,,,,0,,,,,,,
4316266,01:11:56.266,m,can you put,0,,,,,,1,you,,,,,,
4316912,01:11:56.912,m,please don't crawl on the table,1,table,,,,,0,,,,,,,
4320210,01:12:00.210,m,just sit okay?,0,,,,,,0,,,,,,,
4320890,01:12:00.890,m,I'll sit with you,0,,,,,,2,i,you,,,,,
4325548,01:12:05.548,m,Honey,1,honey,,,,,0,,,,,,,
4329764,01:12:09.764,m,you want some orange?,1,orange,,,,,1,you,,,,,,
4331532,01:12:11.532,m,you want a slice of orange?,1,siceorange,,,,,1,you,,,,,,
4335136,01:12:15.136,m,you wanna just play with the label?,1,label,,,,,1,you,,,,,,
4336700,01:12:16.700,m,or do you want the actual orange?,1,orange,,,,,1,you,,,,,,
4357610,01:12:37.610,m,mmm,0,,,,,,0,,,,,,,
4399498,01:13:19.498,m,[adult babble],0,,,,,,0,,,,,,,
4400994,01:13:20.994,m,can you be careful?,0,,,,,,1,you,,,,,,
4402320,01:13:22.320,m,please don't fall,0,,,,,,0,,,,,,,
4413404,01:13:33.404,m,can you do me a favor?,1,favor,,,,,2,you,me,,,,,
4414458,01:13:34.458,m,and don't sit on the table,1,table,,,,,0,,,,,,,
4419558,01:13:39.558,m,xxx orange,1,orange,,,,,0,,,,,,,
4422108,01:13:42.108,m,oh my gosh,0,,,,,,0,,,,,,,
4422992,01:13:42.992,m,guess you did want an orange,1,orange,,,,,1,you,,,,,,
4434756,01:13:54.756,m,xxx [singing],0,,,,,,0,,,,,,,
4437408,01:13:57.408,m,xxx [singing],0,,,,,,0,,,,,,,
4441080,01:14:01.80,m,xxx?,0,,,,,,0,,,,,,,
4441726,01:14:01.726,m,you want bread?,1,bread,,,,,1,you,,,,,,
4443018,01:14:03.18,m,okay,0,,,,,,0,,,,,,,
4444310,01:14:04.310,m,your other bread fell on the floor,2,bread,floor,,,,1,your,,,,,,
4446282,01:14:06.282,m,xxx,0,,,,,,0,,,,,,,
4448526,01:14:08.526,m,xxx you're hungry today,0,,,,,,1,you,,,,,,
4491060,01:14:51.60,m,no honey,1,honey,,,,,0,,,,,,,
4491604,01:14:51.604,m,papa's working,1,papa,,,,,0,,,,,,,
4492454,01:14:52.454,m,come on,0,,,,,,0,,,,,,,
4502450,01:15:02.450,m,can we go out front in the yard?,1,yard,,,,,1,we,,,,,,
4504116,01:15:04.116,m,and just stay in the yard?,1,yard,,,,,0,,,,,,,
4506598,01:15:06.598,m,yeah,0,,,,,,0,,,,,,,
4507958,01:15:07.958,m,um there is a school across the street though so,2,school,street,,,,0,,,,,,,
4513942,01:15:13.942,m,oh,0,,,,,,0,,,,,,,
4514962,01:15:14.962,m,okay,0,,,,,,0,,,,,,,
4518464,01:15:18.464,m,what Alberto?,1,alberto,,,,,0,,,,,,,
4521218,01:15:21.218,m,oh yeah,0,,,,,,0,,,,,,,
4525638,01:15:25.638,m,okay you wanna go outside?,1,outside,,,,,1,you,,,,,,
4526964,01:15:26.964,m,on the front steps?,1,frontsteps,,,,,0,,,,,,,
4528902,01:15:28.902,m,okay,0,,,,,,0,,,,,,,
4529582,01:15:29.582,m,let's get your shoes,1,shoes,,,,,1,your,,,,,,
4530330,01:15:30.330,m,come on,0,,,,,,0,,,,,,,
4566982,01:16:06.982,m,okay,0,,,,,,0,,,,,,,
4567713,01:16:07.713,m,can you not xxx please?,0,,,,,,1,you,,,,,,
4571708,01:16:11.708,m,so you take xxx?,0,,,,,,0,,,,,,,
4604994,01:16:44.994,m,no don't,0,,,,,,0,,,,,,,
4606626,01:16:46.626,m,honey,1,honey,,,,,0,,,,,,,
4607136,01:16:47.136,m,sit up when you're eating,0,,,,,,1,you,,,,,,
4609414,01:16:49.414,m,kay you have to sit up,0,,,,,,1,you,,,,,,
4622402,01:17:02.402,m,okay,0,,,,,,0,,,,,,,
4646202,01:17:26.202,m,oh that's a really cool place for bread,2,coolplace,bread,,,,1,that,,,,,,
4677754,01:17:57.754,m,xxx,0,,,,,,0,,,,,,,
4677992,01:17:57.992,m,you wanna come downstairs?,1,downstairs,,,,,1,you,,,,,,
4680508,01:18:00.508,m,you wanna say hi to the fishies?,1,fishies,,,,,1,you,,,,,,
4694550,01:18:14.550,m,honey don't open that,1,honey,,,,,1,that,,,,,,
4695842,01:18:15.842,m,okay?,0,,,,,,0,,,,,,,
4696148,01:18:16.148,m,I think there's like,0,,,,,,1,i,,,,,,
4697304,01:18:17.304,m,fish,1,fish,,,,,0,,,,,,,
4699072,01:18:19.72,m,food in there,1,food,,,,,0,,,,,,,
4701010,01:18:21.10,m,that's what?,0,,,,,,1,that,,,,,,
4703424,01:18:23.424,m,that sound?,1,sound,,,,,1,that,,,,,,
4705396,01:18:25.396,m,yeah it's music,1,music,,,,,1,it,,,,,,
4709306,01:18:29.306,m,look at the fishy,1,fishy,,,,,0,,,,,,,
4710870,01:18:30.870,m,look how big he is,0,,,,,,1,he,,,,,,
4713284,01:18:33.284,m,say hi mister fishy,1,misterfishy,,,,,0,,,,,,,
4716684,01:18:36.684,m,yes,0,,,,,,0,,,,,,,
4717500,01:18:37.500,m,that's a fishy,1,fishy,,,,,1,that,,,,,,
4720050,01:18:40.50,m,he's sleeping,0,,,,,,1,he,,,,,,
4721376,01:18:41.376,m,I hope he's not dead,0,,,,,,2,i,he,,,,,
4722362,01:18:42.362,m,I think he's sleeping,0,,,,,,2,i,he,,,,,
4724096,01:18:44.96,m,and then that's um,0,,,,,,1,that,,,,,,
4725966,01:18:45.966,m,a small fishy,1,smallfishy,,,,,0,,,,,,,
4728890,01:18:48.890,m,with,0,,,,,,0,,,,,,,
4729638,01:18:49.638,m,with blue and red,2,blue,red,,,,0,,,,,,,
4732188,01:18:52.188,m,and then there's a big fishy back there,2,bigfishy,,,,,0,,,,,,,
4735758,01:18:55.758,m,you know honey I don't know what's in here,1,honey,,,,,2,you,i,,,,,
4737356,01:18:57.356,m,okay?,0,,,,,,0,,,,,,,
4737798,01:18:57.798,m,Papa's tools are in there,1,papastools,,,,,0,,,,,,,
4739226,01:18:59.226,m,please don't,0,,,,,,0,,,,,,,
4740960,01:19:00.960,m,alright xxx,0,,,,,,0,,,,,,,
4742320,01:19:02.320,m,I don't,0,,,,,,1,i,,,,,,
4742932,01:19:02.932,m,ooh no,0,,,,,,0,,,,,,,
4743850,01:19:03.850,m,that's like fishy food,1,fishyfood,,,,,1,that,,,,,,
4745754,01:19:05.754,m,okay,0,,,,,,0,,,,,,,
4748168,01:19:08.168,m,how many fishies are here?,1,fishies,,,,,0,,,,,,,
4753370,01:19:13.370,m,hi mister fishy,1,misterfishy,,,,,0,,,,,,,
4754628,01:19:14.628,m,aren't they beautiful?,0,,,,,,1,they,,,,,,
4756600,01:19:16.600,m,look at the beautiful fishies,1,fishies,,,,,0,,,,,,,
4758266,01:19:18.266,m,see them swimming?,0,,,,,,1,them,,,,,,
4763136,01:19:23.136,m,rawr that's right,0,,,,,,1,that,,,,,,
4765168,01:19:25.168,m,yeah,0,,,,,,0,,,,,,,
4768262,01:19:28.262,m,the fishy,1,fishy,,,,,0,,,,,,,
4772750,01:19:32.750,m,oh honey yeah,1,honey,,,,,0,,,,,,,
4774042,01:19:34.42,m,please don't shove your head in there,1,head,,,,,1,your,,,,,,
4789342,01:19:49.342,m,bye bye fish,1,fish,,,,,0,,,,,,,
4790158,01:19:50.158,m,you wanna go outside?,1,outside,,,,,1,you,,,,,,
4791518,01:19:51.518,m,you say bye bye fishy,1,fishy,,,,,1,you,,,,,,
4794748,01:19:54.748,m,wanna go outside?,1,outside,,,,,0,,,,,,,
4798964,01:19:58.964,m,bye bye mister fishy,1,misterfishy,,,,,0,,,,,,,
4804132,01:20:04.132,m,can you see the plants?,1,plants,,,,,1,you,,,,,,
4805390,01:20:05.390,m,this is bamboo,1,bamboo,,,,,1,this,,,,,,
4808960,01:20:08.960,m,maybe Papa put plants in there,2,papa,plants,,,,0,,,,,,,
4811714,01:20:11.714,m,for the fishies to live with,1,fishies,,,,,0,,,,,,,
4814536,01:20:14.536,m,okay,0,,,,,,0,,,,,,,
4815114,01:20:15.114,m,okay we can look in there,0,,,,,,1,we,,,,,,
4816202,01:20:16.202,m,but you can't reach in there,0,,,,,,1,you,,,,,,
4818956,01:20:18.956,m,I asked you,0,,,,,,2,i,you,,,,,
4819636,01:20:19.636,m,don't reach in there,0,,,,,,0,,,,,,,
4823784,01:20:23.784,m,okay guess what?,0,,,,,,0,,,,,,,
4824634,01:20:24.634,m,if you put the bread there you can't eat it,1,bread,,,,,2,you,it,,,,,
4830788,01:20:30.788,m,honey let me see what was in there,1,honey,,,,,1,me,,,,,,
4832964,01:20:32.964,m,that's kinda gross okay?,0,,,,,,1,that,,,,,,
4835018,01:20:35.18,m,I'll give you another piece of bread,1,piecebread,,,,,2,i,you,,,,,
4837350,01:20:37.350,m,come here,0,,,,,,0,,,,,,,
4857614,01:20:57.614,m,can we just like get a different piece?,1,piece,,,,,1,we,,,,,,
4860504,01:21:00.504,m,cause you put that in a drawer,1,drawer,,,,,2,you,that,,,,,
4885460,01:21:25.460,m,you want some orange?,1,orange,,,,,1,you,,,,,,
4887194,01:21:27.194,m,get you some more bread,1,bread,,,,,1,you,,,,,,
4888248,01:21:28.248,m,we're gonna sit outside,1,outside,,,,,1,we,,,,,,
4890673,01:21:30.673,m,[adult babble],0,,,,,,0,,,,,,,
4895592,01:21:35.592,m,no?,0,,,,,,0,,,,,,,
4910994,01:21:50.994,m,you want some bread,1,bread,,,,,1,you,,,,,,
4911851,01:21:51.851,m,[adult babble],0,,,,,,0,,,,,,,
4913612,01:21:53.612,m,so exciting,0,,,,,,0,,,,,,,
4916332,01:21:56.332,m,that's a big piece,1,piece,,,,,1,that,,,,,,
4981544,01:23:01.544,m,okay,0,,,,,,0,,,,,,,
4994396,01:23:14.396,m,kay you do it,0,,,,,,2,you,it,,,,,
5013096,01:23:33.96,m,okay,0,,,,,,0,,,,,,,
5013572,01:23:33.572,m,xxx help mommy,1,mommy,,,,,0,,,,,,,
5015408,01:23:35.408,m,help me open it,0,,,,,,2,me,it,,,,,
5017380,01:23:37.380,m,kay?,0,,,,,,0,,,,,,,
5018196,01:23:38.196,m,help me open it,0,,,,,,2,me,it,,,,,
5020236,01:23:40.236,m,do you wanna help mommy?,1,mommy,,,,,1,you,,,,,,
5021392,01:23:41.392,m,oh you got it,0,,,,,,2,you,it,,,,,
5023024,01:23:43.24,m,you got it,0,,,,,,2,you,it,,,,,
5024146,01:23:44.146,m,you opened the door,1,door,,,,,1,you,,,,,,
5026727,01:23:46.727,m,yay oh it's so nice out,0,,,,,,1,it,,,,,,
5029790,01:23:49.790,m,it's so nice outside,1,outside,,,,,1,it,,,,,,
5036896,01:23:56.896,m,ooh,0,,,,,,0,,,,,,,
5037372,01:23:57.372,m,there's still water in xxx,1,water,,,,,0,,,,,,,
5045022,01:24:05.22,m,xxx water,1,water,,,,,0,,,,,,,
5048252,01:24:08.252,m,okay,0,,,,,,0,,,,,,,
5049442,01:24:09.442,m,guess what?,0,,,,,,0,,,,,,,
5049952,01:24:09.952,m,you're not gonna eat that,0,,,,,,2,you,that,,,,,
5052298,01:24:12.298,m,so gross [laughing],0,,,,,,0,,,,,,,
5055596,01:24:15.596,m,[laughing],0,,,,,,0,,,,,,,
5073888,01:24:33.888,m,honey,1,honey,,,,,0,,,,,,,
5074228,01:24:34.228,m,let's throw this in the garbage,1,garbage,,,,,1,this,,,,,,
5075928,01:24:35.928,m,cause it's all wet and soggy,0,,,,,,1,it,,,,,,
5078630,01:24:38.630,m,god knows how long that water's been sitting there,1,water,,,,,1,that,,,,,,
5083578,01:24:43.578,m,no,0,,,,,,0,,,,,,,
5174630,01:26:14.630,m,want some water?,1,water,,,,,0,,,,,,,
5176806,01:26:16.806,m,you thirsty?,0,,,,,,1,you,,,,,,
5178404,01:26:18.404,m,xxx,0,,,,,,0,,,,,,,
5208426,01:26:48.426,m,oh my god,0,,,,,,0,,,,,,,
5209276,01:26:49.276,m,no,0,,,,,,0,,,,,,,
5210908,01:26:50.908,m,no,0,,,,,,0,,,,,,,
5211690,01:26:51.690,m,please don't do that,0,,,,,,1,that,,,,,,
5242528,01:27:22.528,m,oh,0,,,,,,0,,,,,,,
5242868,01:27:22.868,m,a flower,1,flower,,,,,0,,,,,,,
5245176,01:27:25.176,m,[play crying],0,,,,,,0,,,,,,,
5247118,01:27:27.118,m,move back,0,,,,,,0,,,,,,,
5248027,01:27:28.27,m,okay,0,,,,,,0,,,,,,,
5248478,01:27:28.478,m,I got out of your chair,1,chair,,,,,2,i,your,,,,,
5250552,01:27:30.552,m,are you picking flowers?,1,flowers,,,,,1,you,,,,,,
5254972,01:27:34.972,m,oh those are pretty flowers,1,flowers,,,,,1,those,,,,,,
5263982,01:27:43.982,m,you want some water?,1,water,,,,,1,you,,,,,,
5266872,01:27:46.872,m,yeah?,0,,,,,,0,,,,,,,
5288904,01:28:08.904,m,xxx fit,0,,,,,,0,,,,,,,
5290026,01:28:10.26,m,okay,0,,,,,,0,,,,,,,
5293834,01:28:13.834,m,is that your chair?,1,chair,,,,,2,that,your,,,,,
5370878,01:29:30.878,m,xxx,0,,,,,,0,,,,,,,
5373768,01:29:33.768,m,come on,0,,,,,,0,,,,,,,
5374550,01:29:34.550,m,please,0,,,,,,0,,,,,,,
5394460,01:29:54.460,m,xxx,0,,,,,,0,,,,,,,
5411406,01:30:11.406,m,okay come on baby,1,baby,,,,,0,,,,,,,
5426502,01:30:26.502,m,honey we can go out in a second,1,honey,,,,,1,we,,,,,,
5459890,01:30:59.890,m,what it,0,,,,,,1,it,,,,,,
5550976,01:32:30.976,m,okay let's xxx,0,,,,,,0,,,,,,,
5552506,01:32:32.506,m,it's nice out,0,,,,,,1,it,,,,,,
5554512,01:32:34.512,m,it's so nice outside,1,outside,,,,,1,it,,,,,,
5592490,01:33:12.490,m,yeah,0,,,,,,0,,,,,,,
5592864,01:33:12.864,m,guess what,0,,,,,,0,,,,,,,
5593306,01:33:13.306,m,we're not going in there,0,,,,,,1,we,,,,,,
5608776,01:33:28.776,m,xxx [singing],0,,,,,,0,,,,,,,
5615066,01:33:35.66,m,[name] what's xxx?,0,,,,,,0,,,,,,,
5638560,01:33:58.560,m,wow I'm sure that's delicious,0,,,,,,2,i,that,,,,,
5644408,01:34:04.408,m,delicious,0,,,,,,0,,,,,,,
5646312,01:34:06.312,m,delicious,0,,,,,,0,,,,,,,
5647672,01:34:07.672,m,you know what?,0,,,,,,1,you,,,,,,
5648114,01:34:08.114,m,that's not,0,,,,,,1,that,,,,,,
5648578,01:34:08.578,m,hey,0,,,,,,0,,,,,,,
5649474,01:34:09.474,m,hey,0,,,,,,0,,,,,,,
5649644,01:34:09.644,m,that's not food,1,food,,,,,1,that,,,,,,
5651888,01:34:11.888,m,honey,1,honey,,,,,0,,,,,,,
5652405,01:34:12.405,m,please don't put that in your mouth,1,mouth,,,,,2,that,your,,,,,
5654245,01:34:14.245,m,I'm not kidding,0,,,,,,1,i,,,,,,
5680584,01:34:40.584,m,[name],0,,,,,,0,,,,,,,
5681128,01:34:41.128,m,look a squirrel,1,squirrel,,,,,0,,,,,,,
5683281,01:34:43.281,m,baby look,1,baby,,,,,0,,,,,,,
5684290,01:34:44.290,m,[gasp],0,,,,,,0,,,,,,,
5685310,01:34:45.310,m,look at the squirrel,1,squirrel,,,,,0,,,,,,,
5686636,01:34:46.636,m,look,0,,,,,,0,,,,,,,
5686976,01:34:46.976,m,look up there,0,,,,,,0,,,,,,,
5688367,01:34:48.367,m,look look look,0,,,,,,0,,,,,,,
5688914,01:34:48.914,m,there he is,0,,,,,,1,he,,,,,,
5689696,01:34:49.696,m,do you see him?,0,,,,,,2,you,him,,,,,
5690342,01:34:50.342,m,you can't see him,0,,,,,,2,you,him,,,,,
5692382,01:34:52.382,m,let me show you,0,,,,,,2,me,you,,,,,
5694660,01:34:54.660,m,yes,0,,,,,,0,,,,,,,
5695646,01:34:55.646,m,yeah baby,1,baby,,,,,0,,,,,,,
5697074,01:34:57.74,m,xxx,0,,,,,,0,,,,,,,
5698060,01:34:58.60,m,see the squirrel,1,squirrel,,,,,0,,,,,,,
5701868,01:35:01.868,m,xxx,0,,,,,,0,,,,,,,
5704180,01:35:04.180,m,did you see him?,0,,,,,,2,you,him,,,,,
5706288,01:35:06.288,m,xxx,0,,,,,,0,,,,,,,
5712578,01:35:12.578,m,xxx,0,,,,,,0,,,,,,,
5715434,01:35:15.434,m,yeah,0,,,,,,0,,,,,,,
5715820,01:35:15.820,m,did you see his tail?,1,tail,,,,,2,you,his,,,,,
5717610,01:35:17.610,m,xxx,0,,,,,,0,,,,,,,
5723730,01:35:23.730,m,xxx,0,,,,,,0,,,,,,,
5724784,01:35:24.784,m,xxx we'll see him again,0,,,,,,2,we,him,,,,,
5734826,01:35:34.826,m,look at the bee,1,bee,,,,,0,,,,,,,
5736786,01:35:36.786,m,look xxx,0,,,,,,0,,,,,,,
5737398,01:35:37.398,m,there's a bumblebee,1,bumblebee,,,,,0,,,,,,,
5740730,01:35:40.730,m,the bee,1,bee,,,,,0,,,,,,,
5742022,01:35:42.22,m,bee,1,bee,,,,,0,,,,,,,
5742466,01:35:42.466,m,bzz,0,,,,,,0,,,,,,,
5742974,01:35:42.974,m,don't let him sting you,0,,,,,,2,him,you,,,,,
5744709,01:35:44.709,m,come here,0,,,,,,0,,,,,,,
5750579,01:35:50.579,m,that was a bee,1,bee,,,,,1,that,,,,,,
5764632,01:36:04.632,m,you wanna stay outside or go inside?,0,,,,,,1,you,,,,,,
5767318,01:36:07.318,m,wanna be outside?,0,,,,,,0,,,,,,,
5769766,01:36:09.766,m,no?,0,,,,,,0,,,,,,,
5770854,01:36:10.854,m,we can go back inside,0,,,,,,1,we,,,,,,
5777722,01:36:17.722,m,[adult babble],0,,,,,,0,,,,,,,
5778436,01:36:18.436,m,coffee,1,coffee,,,,,0,,,,,,,
5790778,01:36:30.778,m,hey,0,,,,,,0,,,,,,,
5791696,01:36:31.696,m,hey,0,,,,,,0,,,,,,,
5793566,01:36:33.566,m,xxx,0,,,,,,0,,,,,,,
5797306,01:36:37.306,m,oh my gosh,0,,,,,,0,,,,,,,
5798326,01:36:38.326,m,there's a squirrel,1,squirrel,,,,,0,,,,,,,
5800230,01:36:40.230,m,honey,1,honey,,,,,0,,,,,,,
5801352,01:36:41.352,m,I don't want you to put that in your mouth,1,mouth,,,,,4,i,you,that,your,,,
5803290,01:36:43.290,m,that's a squirrel,1,squirrel,,,,,1,that,,,,,,
5804420,01:36:44.420,m,I think he has an acorn in his mouth,2,acorn,mouth,,,,3,i,he,his,,,,
5806508,01:36:46.508,m,honey,1,honey,,,,,0,,,,,,,
5806962,01:36:46.962,m,you can hold this,0,,,,,,2,you,this,,,,,
5808050,01:36:48.50,m,but when you put it in your mouth I take it away,1,mouth,,,,,5,you,it,your,i,it,,
5815360,01:36:55.360,m,it's gone,0,,,,,,1,it,,,,,,
5817332,01:36:57.332,m,where did the squirrel go?,1,squirrel,,,,,0,,,,,,,
5839126,01:37:19.126,m,it's a piece of wood,1,piecewood,,,,,1,it,,,,,,
5845869,01:37:25.869,m,xxx,0,,,,,,0,,,,,,,
5846334,01:37:26.334,m,xxx to play with it,0,,,,,,1,it,,,,,,
5847490,01:37:27.490,m,I just don't want you to put it in your mouth,1,mouth,,,,,4,i,you,it,your,,,
5881932,01:38:01.932,m,are you hiding?,0,,,,,,1,you,,,,,,
5883768,01:38:03.768,m,[gasp],0,,,,,,0,,,,,,,
5885400,01:38:05.400,m,[growl],0,,,,,,0,,,,,,,
5887644,01:38:07.644,m,the mommy monster,1,mommymonster,,,,,0,,,,,,,
5889582,01:38:09.582,m,[growl],0,,,,,,0,,,,,,,
5895064,01:38:15.64,m,[laugh],0,,,,,,0,,,,,,,
5903352,01:38:23.352,m,meow,0,,,,,,0,,,,,,,
5904610,01:38:24.610,m,[animal noise],0,,,,,,0,,,,,,,
5907704,01:38:27.704,m,meow,0,,,,,,0,,,,,,,
5921542,01:38:41.542,m,you see a bottle?,1,bottle,,,,,1,you,,,,,,
5924636,01:38:44.636,m,xxx a bottle?,1,bottle,,,,,0,,,,,,,
5939358,01:38:59.358,m,what's that?,0,,,,,,1,that,,,,,,
5940480,01:39:00.480,m,the bucket?,1,bucket,,,,,0,,,,,,,
5943098,01:39:03.98,m,the bucket,1,bucket,,,,,0,,,,,,,
5944628,01:39:04.628,m,xxx,0,,,,,,0,,,,,,,
5946464,01:39:06.464,m,xxx,0,,,,,,0,,,,,,,
5951564,01:39:11.564,m,xxx water,1,water,,,,,0,,,,,,,
5955916,01:39:15.916,m,xxx water,1,water,,,,,0,,,,,,,
5967136,01:39:27.136,m,honey come here,1,honey,,,,,0,,,,,,,
5969312,01:39:29.312,m,[name] agua,1,agua,,,,,0,,,,,,,
5976656,01:39:36.656,m,xxx,0,,,,,,0,,,,,,,
5977588,01:39:37.588,m,you want to turn the water on?,1,water,,,,,1,you,,,,,,
5979308,01:39:39.308,m,[gasp],0,,,,,,0,,,,,,,
5980226,01:39:40.226,m,look at that xxx,0,,,,,,1,that,,,,,,
5983048,01:39:43.48,m,ooh,0,,,,,,0,,,,,,,
5986788,01:39:46.788,m,okay,0,,,,,,0,,,,,,,
5993112,01:39:53.112,m,this is the hose,1,hose,,,,,1,this,,,,,,
5994778,01:39:54.778,m,ooh,0,,,,,,0,,,,,,,
5995560,01:39:55.560,m,wanna do the mist?,1,mist,,,,,0,,,,,,,
6015756,01:40:15.756,m,xxx,0,,,,,,0,,,,,,,
6018680,01:40:18.680,m,xxx,0,,,,,,0,,,,,,,
6033300,01:40:33.300,m,[laughing],0,,,,,,0,,,,,,,
6036326,01:40:36.326,m,oh no [laughing],0,,,,,,0,,,,,,,
6038128,01:40:38.128,m,let's water the plants with it,1,plants,,,,,1,it,,,,,,
6040848,01:40:40.848,m,okay we're gonna water them,0,,,,,,2,we,them,,,,,
6042072,01:40:42.72,m,can we water the plants?,1,plants,,,,,1,we,,,,,,
6055094,01:40:55.94,m,kay we're gonna feed the plants,1,plants,,,,,1,we,,,,,,
6057709,01:40:57.709,m,okay?,0,,,,,,0,,,,,,,
6058052,01:40:58.52,m,cause the plants have to eat,1,plants,,,,,0,,,,,,,
6061930,01:41:01.930,m,you gonna help mommy feed the plants?,2,mommy,plants,,,,1,you,,,,,,
6065668,01:41:05.668,m,which plant you wanna water?,1,plant,,,,,1,you,,,,,,
6069408,01:41:09.408,m,you got it?,0,,,,,,2,you,it,,,,,
6069986,01:41:09.986,m,it's heavy,0,,,,,,1,it,,,,,,
6072604,01:41:12.604,m,that's heavy,0,,,,,,1,that,,,,,,
6073148,01:41:13.148,m,you wanna go back here?,0,,,,,,1,you,,,,,,
6080016,01:41:20.16,m,wanna help me feed the plant?,1,plant,,,,,1,me,,,,,,
6081206,01:41:21.206,m,help help mommy,1,mommy,,,,,0,,,,,,,
6082294,01:41:22.294,m,yeah,0,,,,,,0,,,,,,,
6083280,01:41:23.280,m,[gasp],0,,,,,,0,,,,,,,
6084266,01:41:24.266,m,you're feeding the plant,1,plant,,,,,1,you,,,,,,
6085354,01:41:25.354,m,let's feed the other one,1,one,,,,,0,,,,,,,
6089230,01:41:29.230,m,these are thirsty,0,,,,,,1,these,,,,,,
6090114,01:41:30.114,m,they drink water when they're thirsty,1,water,,,,,2,they,they,,,,,
6094398,01:41:34.398,m,hey you watered the plants,1,plants,,,,,1,you,,,,,,
6108780,01:41:48.780,m,you want the bucket?,1,bucket,,,,,1,you,,,,,,
6110752,01:41:50.752,m,no baby,1,baby,,,,,0,,,,,,,
6111296,01:41:51.296,m,I don't know what's been in that bucket,1,bucket,,,,,2,i,that,,,,,
6112724,01:41:52.724,m,so we're not gonna do that,0,,,,,,2,we,that,,,,,
6182390,01:43:02.390,m,baby we keep this locked,1,baby,,,,,2,we,this,,,,,
6183715,01:43:03.715,m,okay?,0,,,,,,0,,,,,,,
6187354,01:43:07.354,m,things in there that aren't safe for you,1,things,,,,,2,that,you,,,,,
6270042,01:44:30.42,m,huh?,0,,,,,,0,,,,,,,
6270688,01:44:30.688,m,what baby?,1,baby,,,,,0,,,,,,,
6308768,01:45:08.768,m,[laughing],0,,,,,,0,,,,,,,
6318662,01:45:18.662,m,achoo,0,,,,,,0,,,,,,,
6320736,01:45:20.736,m,achoo,0,,,,,,0,,,,,,,
6323830,01:45:23.830,m,achoo,0,,,,,,0,,,,,,,
6325368,01:45:25.368,m,[nose blowing sounds],0,,,,,,0,,,,,,,
6339130,01:45:39.130,m,I wonder who's calling,0,,,,,,1,i,,,,,,
6362318,01:46:02.318,m,yeah,0,,,,,,0,,,,,,,
6362692,01:46:02.692,m,honey,1,honey,,,,,0,,,,,,,
6363296,01:46:03.296,m,no,0,,,,,,0,,,,,,,
6365004,01:46:05.4,m,I'm sorry we're not playing with the phone,1,phone,,,,,2,i,we,,,,,
6366976,01:46:06.976,m,no,0,,,,,,0,,,,,,,
6369873,01:46:09.873,m,it's not TiTi,1,titi,,,,,1,it,,,,,,
6373028,01:46:13.28,m,no,0,,,,,,0,,,,,,,
6373349,01:46:13.349,m,it's not Abuelo,1,abuelo,,,,,1,it,,,,,,
6395298,01:46:35.298,m,mkay,0,,,,,,0,,,,,,,
6395706,01:46:35.706,m,I don't really like it when you sit on that thing,1,thing,,,,,4,i,it,you,that,,,
6416888,01:46:56.888,m,it's a rake,1,rake,,,,,1,it,,,,,,
6421089,01:47:01.89,m,xxx,0,,,,,,0,,,,,,,
6422940,01:47:02.940,m,gonna rake your arms,1,arms,,,,,1,your,,,,,,
6432596,01:47:12.596,m,okay,0,,,,,,0,,,,,,,
6432902,01:47:12.902,m,you know what?,0,,,,,,1,you,,,,,,
6437866,01:47:17.866,m,kay,0,,,,,,0,,,,,,,
6438492,01:47:18.492,m,can we play with something,0,,,,,,1,we,,,,,,
6439566,01:47:19.566,m,can we play with something that's not plugged in?,0,,,,,,2,we,that,,,,,
6442660,01:47:22.660,m,no it's not your phone,1,phone,,,,,2,it,your,,,,,
6443578,01:47:23.578,m,it's grandma's phone,1,grandmasphone,,,,,1,it,,,,,,
6448134,01:47:28.134,m,okay,0,,,,,,0,,,,,,,
6448440,01:47:28.440,m,you know what we're gonna do?,0,,,,,,2,you,we,,,,,
6449783,01:47:29.783,m,okay,0,,,,,,0,,,,,,,
6450208,01:47:30.208,m,I have something really cool for you to play with,0,,,,,,2,i,you,,,,,
6452486,01:47:32.486,m,whoa,0,,,,,,0,,,,,,,
6453846,01:47:33.846,m,come here,0,,,,,,0,,,,,,,
6458912,01:47:38.912,m,come on,0,,,,,,0,,,,,,,
6459639,01:47:39.639,m,we're gonna play,0,,,,,,1,we,,,,,,
6460340,01:47:40.340,m,we're gonna play with something else,0,,,,,,1,we,,,,,,
6463332,01:47:43.332,m,we're gonna play with something else okay?,0,,,,,,1,we,,,,,,
6466015,01:47:46.15,m,yes,0,,,,,,0,,,,,,,
6468874,01:47:48.874,m,okay,0,,,,,,0,,,,,,,
6470162,01:47:50.162,m,okay,0,,,,,,0,,,,,,,
6470506,01:47:50.506,m,okay,0,,,,,,0,,,,,,,
6471288,01:47:51.288,m,okay,0,,,,,,0,,,,,,,
6472512,01:47:52.512,m,come on,0,,,,,,0,,,,,,,
6472852,01:47:52.852,m,we're gonna play with something else,0,,,,,,1,we,,,,,,
6473872,01:47:53.872,m,no,0,,,,,,0,,,,,,,
6474382,01:47:54.382,m,I don't want you going in there,0,,,,,,2,i,you,,,,,
6477748,01:47:57.748,m,[name],0,,,,,,0,,,,,,,
6478666,01:47:58.666,m,come here,0,,,,,,0,,,,,,,
6478904,01:47:58.904,m,we're gonna play with something else,0,,,,,,1,we,,,,,,
6481556,01:48:01.556,m,come here,0,,,,,,0,,,,,,,
6482610,01:48:02.610,m,come on,0,,,,,,0,,,,,,,
6483556,01:48:03.556,m,come here,0,,,,,,0,,,,,,,
6510762,01:48:30.762,m,honey,1,honey,,,,,0,,,,,,,
6511034,01:48:31.34,m,let's play with something else,0,,,,,,0,,,,,,,
6512428,01:48:32.428,m,come on,0,,,,,,0,,,,,,,
6515216,01:48:35.216,m,okay,0,,,,,,0,,,,,,,
6548128,01:49:08.128,m,xxx,0,,,,,,0,,,,,,,
6549080,01:49:09.80,m,let's,0,,,,,,0,,,,,,,
6588860,01:49:48.860,m,can you please not do that?,0,,,,,,2,you,that,,,,,
6593280,01:49:53.280,m,honey,1,honey,,,,,0,,,,,,,
6593518,01:49:53.518,m,I have something else for you to play with,0,,,,,,2,i,you,,,,,
6596168,01:49:56.168,m,do you wanna play with the DVD thing?,1,dvdthing,,,,,1,you,,,,,,
6599539,01:49:59.539,m,no?,0,,,,,,0,,,,,,,
6602456,01:50:02.456,m,can you come down from there?,0,,,,,,1,you,,,,,,
6604738,01:50:04.738,m,come on,0,,,,,,0,,,,,,,
6605675,01:50:05.675,m,you can still play with it,0,,,,,,2,you,it,,,,,
6609622,01:50:09.622,m,okay,0,,,,,,0,,,,,,,
6611193,01:50:11.193,m,[sigh],0,,,,,,0,,,,,,,
6611402,01:50:11.402,m,okay,0,,,,,,0,,,,,,,
6612295,01:50:12.295,m,okay,0,,,,,,0,,,,,,,
6620412,01:50:20.412,m,oh honey I'm sorry,1,honey,,,,,1,i,,,,,,
6622612,01:50:22.612,m,I'm sorry,0,,,,,,1,i,,,,,,
6623642,01:50:23.642,m,come here,0,,,,,,0,,,,,,,
6624186,01:50:24.186,m,I'm sorry,0,,,,,,1,i,,,,,,
6625870,01:50:25.870,m,okay,0,,,,,,0,,,,,,,
6628708,01:50:28.708,m,come here,0,,,,,,0,,,,,,,
6653698,01:50:53.698,m,okay you know what?,0,,,,,,1,you,,,,,,
6654548,01:50:54.548,m,how about,0,,,,,,0,,,,,,,
6664769,01:51:04.769,m,no what?,0,,,,,,0,,,,,,,
6683261,01:51:23.261,m,honey,1,honey,,,,,0,,,,,,,
6683788,01:51:23.788,m,that's grandma's phone,1,grandmasphone,,,,,1,that,,,,,,
6684842,01:51:24.842,m,it's not your phone,1,phone,,,,,2,it,your,,,,,
6705990,01:51:45.990,m,what do you want?,0,,,,,,1,you,,,,,,
6753794,01:52:33.794,m,you wanna play with the DVD thing?,1,dvdthing,,,,,1,you,,,,,,
6762971,01:52:42.971,m,shh shh shh,0,,,,,,0,,,,,,,
6764446,01:52:44.446,m,it's okay,0,,,,,,0,,,,,,,
6765456,01:52:45.456,m,it's okay,0,,,,,,0,,,,,,,
6766034,01:52:46.34,m,it's okay,0,,,,,,0,,,,,,,
6766544,01:52:46.544,m,don't hurt yourself,0,,,,,,1,yourself,,,,,,
6767768,01:52:47.768,m,don't hurt yourself,0,,,,,,1,yourself,,,,,,
6768992,01:52:48.992,m,come on,0,,,,,,0,,,,,,,
6771032,01:52:51.32,m,it's okay,0,,,,,,0,,,,,,,
6771746,01:52:51.746,m,it's okay,0,,,,,,0,,,,,,,
6772664,01:52:52.664,m,it's okay,0,,,,,,0,,,,,,,
6773786,01:52:53.786,m,it's okay,0,,,,,,0,,,,,,,
6774330,01:52:54.330,m,just don't hurt yourself,0,,,,,,1,yourself,,,,,,
6775452,01:52:55.452,m,okay,0,,,,,,0,,,,,,,
6780824,01:53:00.824,m,xxx,0,,,,,,0,,,,,,,
6782575,01:53:02.575,m,do you need a nap?,1,nap,,,,,1,you,,,,,,
6789630,01:53:09.630,m,I know,0,,,,,,1,i,,,,,,
6792283,01:53:12.283,m,I know,0,,,,,,1,i,,,,,,
6796498,01:53:16.498,m,I know,0,,,,,,1,i,,,,,,
6800000,01:53:20.0,m,you want mommy to get up?,1,mommy,,,,,1,you,,,,,,
6807072,01:53:27.72,m,honey,1,honey,,,,,0,,,,,,,
6807548,01:53:27.548,m,mommy gets to,1,mommy,,,,,0,,,,,,,
6808845,01:53:28.845,m,I don't like it when you play on the swivel chair,1,swivelchair,,,,,3,i,it,you,,,,
6811819,01:53:31.819,m,because you could fall of it,0,,,,,,2,you,it,,,,,
6814008,01:53:34.8,m,and it's not the best idea,1,idea,,,,,1,it,,,,,,
6816354,01:53:36.354,m,okay,0,,,,,,0,,,,,,,
6816660,01:53:36.660,m,can we go play in the other room?,1,room,,,,,1,we,,,,,,
6823431,01:53:43.431,m,hey,0,,,,,,0,,,,,,,
6823835,01:53:43.835,m,don't bite,0,,,,,,0,,,,,,,
6824752,01:53:44.752,m,don't bite,0,,,,,,0,,,,,,,
6826248,01:53:46.248,m,don't bite mommy,1,mommy,,,,,0,,,,,,,
6827846,01:53:47.846,m,no,0,,,,,,0,,,,,,,
6828832,01:53:48.832,m,no,0,,,,,,0,,,,,,,
6834000,01:53:54.0,m,alright,0,,,,,,0,,,,,,,
6849643,01:54:09.643,m,you know what [name]?,0,,,,,,1,you,,,,,,
6850762,01:54:10.762,m,I'm getting,0,,,,,,1,i,,,,,,
6851544,01:54:11.544,m,I'm not having a good time over here,0,,,,,,1,i,,,,,,
6853312,01:54:13.312,m,I really don't like sitting here,0,,,,,,1,i,,,,,,
6855404,01:54:15.404,m,can we please go out to the living room?,1,livingroom,,,,,1,we,,,,,,
6874120,01:54:34.120,m,let's play with something else,0,,,,,,0,,,,,,,
6876670,01:54:36.670,m,xxx,0,,,,,,0,,,,,,,
6877501,01:54:37.501,m,okay,0,,,,,,0,,,,,,,
6883322,01:54:43.322,m,look what I,0,,,,,,1,i,,,,,,
6884422,01:54:44.422,m,stop,0,,,,,,0,,,,,,,
6885204,01:54:45.204,m,okay,0,,,,,,0,,,,,,,
6887006,01:54:47.6,m,look,0,,,,,,0,,,,,,,
6887618,01:54:47.618,m,look at this,0,,,,,,1,this,,,,,,
6889250,01:54:49.250,m,look,0,,,,,,0,,,,,,,
6891222,01:54:51.222,m,look at that,0,,,,,,1,that,,,,,,
6944108,01:55:44.108,m,your shoe,1,shoe,,,,,1,your,,,,,,
6945538,01:55:45.538,m,you wanna play with mommy's shoes?,1,mommysshoes,,,,,1,you,,,,,,
6947730,01:55:47.730,m,okay,0,,,,,,0,,,,,,,
6969388,01:56:09.388,m,don't hurt yourself,0,,,,,,1,yourself,,,,,,
6970272,01:56:10.272,m,that's heavy,0,,,,,,1,that,,,,,,
7091006,01:58:11.6,m,xxx,0,,,,,,0,,,,,,,
7122286,01:58:42.286,m,you getting sleepy?,0,,,,,,1,you,,,,,,
7127387,01:58:47.387,m,shh,0,,,,,,0,,,,,,,
7130854,01:58:50.854,m,[yawn],0,,,,,,0,,,,,,,
7132996,01:58:52.996,m,[snoring],0,,,,,,0,,,,,,,
7136478,01:58:56.478,m,[snoring],0,,,,,,0,,,,,,,
7140052,01:59:00.52,m,yes?,0,,,,,,0,,,,,,,
7141258,01:59:01.258,m,[snoring],0,,,,,,0,,,,,,,
7144012,01:59:04.12,m,baby,1,baby,,,,,0,,,,,,,
7147072,01:59:07.72,m,[snoring],0,,,,,,0,,,,,,,
7149690,01:59:09.690,m,xxx,0,,,,,,0,,,,,,,
7157102,01:59:17.102,m,I'm here,0,,,,,,1,i,,,,,,