Participant ID,Referent,Speech,Feature,Adjectives SpaCy,
4C-R1,Horse,,,,
4C-R1,1,CHI:        a horsey.,L,,
4C-R1,2,CHI:        um they run fast.,F+P,fast,
56C-R19,5,CHI:        nothing.,NA,,
56C-R20,6,CHI:        I- that's all I know about surfboards.,AE(I),,
4C-R1,3,CHI:        and some persons have to be careful.,F,careful,
4C-R1,4,CHI:        and um they have fur on their back and on their tail.,P,P,
56C-R76,3,CHI:        nothing.,NA,,
56C-R82,4,CHI:        nothing.,NA,,
4C-R1,5,CHI:        and some babies ones are like this.,T,P,
4C-R1,6,CHI:        and they have ears.,P,P,
4C-R1,7,CHI:        they don't have xxx.,NA,,
4C-R1,8,CHI:        they have xxx.,NA,,
4C-R1,9,CHI:        and these things on them.,F,,
56C-R124,2,CHI:        nothing.,NA,,
4C-R1,10,CHI:        when people are gonna ride them.,F,,
4C-R1,11,CHI:        &=exhales that's it I know.,I,,
56C-R133,5,CHI:        I'm opening a pizza box.,NA,,
56C-R134,6,"CHI:        an old, an old pizza box.",NA,,
56C-R135,7,CHI:        but some treasure's in.,NA,,
56C-R137,8,CHI:        I'm spying in it right now.,NA,,
4C-R1,Lobster,,,,
56C-R148,4,CHI:        can you see me?,NA,,
56C-R149,5,CHI:        you look really small.,NA,,
4C-R1,1,CHI:        a lobster.,L,,
4C-R1,2,"CHI:        um lobsters like, lobsters do this.",F+L,,
56C-R156,11,CHI:        that's all I +...,NA,,
4C-R1,5,CHI:        they do that.,F,,
4C-R1,6,CHI:        they're very small.,P+I,small,
4C-R1,7,CHI:        and um like their whiskers tickle us.,P+F+I,,
4C-R1,8,CHI:        and their body is kind of like this is &=points:picture.,P,,
4C-R1,9,CHI:        like that.,NA,,
70C-R18,3,CHI:        and I see a bat.,AE(L),,
4C-R1,10,CHI:        and that's it I know.,I,,
70C-R22,6,CHI:        no.,NA,,
70C-R47,2,"CHI:        hm, a train?",AE(L),,
4C-R1,Elephant,,,,
4C-R1,1,CHI:        I know about these.,I,,
4C-R1,2,"CHI:        um well it's an elephant and it squirts water at you when they're, when they're near you.",F+L,,
4C-R1,3,CHI:        well that's it what I know.,I,,
4C-R1,4,CHI:        I did.,NA,,
4C-R1,5,"CHI:        well um that's an, This is an elephant and it s +...",L,,
4C-R1,6,"CHI:        and when they're, When you're by them then, it squirts water at you.",F,,
22C-R61,4,"CHI: and, I know what she's ⌊painting⌋.",I+AE(P),,
22C-R62,5,CHI: a tree.,AE(P),,
4C-R1,Alligator,,,,
4C-R1,1,CHI:        a toad.,T,,
22C-R94,1,CHI: a baseball.,AE(P),,
22C-R96,2,CHI: um this is a bat to hit it when it comes towards him.,AE(P)+F,,
22C-R110,1,CHI: a pirate with treasure.,L+AE(P),,
22C-R112,2,CHI: it has a lock for a chest.,AE(P),,
22C-R113,3,CHI: the chest goes here and then the lock shuts.,AE(P)+AE(F),,
22C-R117,4,CHI: I don't I don't know why pirates always have these patches on their eyes.,I+L+AE(P)+F,,
22C-R119,5,CHI: how come?,NA,,
22C-R121,6,CHI: I'm not sure either.,NA,,
4C-R1,3,CHI:        actually it's an alligator.,L,,
4C-R1,5,"CHI:        um that, um well the alligators try and bite you.",F+L,,
4C-R1,6,CHI:        like dog kind of do.,T+F,,
4C-R1,Penguin,,,,
29C-R76,1,CHI: (be)cause I didn't want to.,NA,,
4C-R1,2,CHI:        um well it it lives +...,F,,
4C-R1,3,CHI:        where does it live?,F,,
4C-R1,4,CHI:        I don't know.,I,,
29C-R85,8,CHI: that's okay if I climb on the furniture you sit on or a bed.,NA,,
4C-R1,5,"CHI:        in a ⌊chilly⌋, In a chilly world.",P+F,chilly,
4C-R1,6,CHI:        I haven't seen a penguin before.,I+L,,
4C-R1,7,CHI:        that's it I don't know more.,NA,,
4C-R1,8,CHI:        that's about it.,NA,,
4C-R1,9,CHI:        I don't know about penguins [= to Zorg].,L,,
29C-R1,Lobster,,,,
29C-R1,1,"CHI: um, a lobster.",L,,
29C-R1,2,"CHI: um, every time my mommy go out in the big part where um a lot of stuff are um I always like to look at the crabs but then I can't see my mom and I try to find but I didn't see her.",I+T,big,
34C-R44,1,CHI: bat.,AE(P),,
34C-R47,3,CHI: &=nods:head_yes.,NA,,
29C-R1,3,"CHI: but last time um, my teacher um, he um wrote a book and then, and then um, uh, and then uh, and then uh, and then we sawed a lobster and then we saw a swordfish and we saw a shark and <a lot> [?] all the animals we're ever going to see.",I+L+T,,
34C-R64,7,CHI: mm-hm [= yes].,NA,,
29C-R1,Horse,,,,
29C-R1,1,CHI: a horsie.,L,,
29C-R1,2,"CHI: last night um, my animal went around looking for a horsie but it didn't, see it.",I+L,,
34C-R129,5,CHI: &=shakes:head_no.,NA,,
29C-R1,3,"CHI: and then um, and then, and then, then last night um, I um I rode a pony when I was three when I was two I mean and then um.",I+L,two,
29C-R1,4,CHI: I don't remember that now but.,I+L,,
29C-R1,5,CHI: that was a long time ago and I don't remember it.,I+L,,
29C-R1,Alligator,,,,
29C-R1,1,CHI: a crocodile.,L,,
29C-R1,2,CHI: last night my grandpa shot a crocodile.,I+L,last,
34C-R158,4,CHI: hm.,NA,,
29C-R1,3,CHI: and then my and then Grandpa had crocodile meat but I don't really eat cuz I don't really like to eat crocodile.,I+L+F,"crocodile
big",
34C-R163,6,CHI: &=shakes:head_no.,NA,,
29C-R1,4,"CHI: and then um, last time, we went to um and then my mom when her was um three um, um her was fishing and then her caught something and said I think I caught a big fish.",I,three,
29C-R1,5,"CHI: and then what it was was just a, boot but then a was [?] crocodile came out and then her xxx pull right in the water but then her grandpa got it.",I+L+F,,
29C-R1,6,CHI: out of the water.,I+F,,
29C-R1,7,CHI: fishing pole.,NA,,
29C-R1,Elephant,,,,
34C-R193,9,CHI: <all the things> [?].,NA,,
34C-R194,10,CHI: I think that's it.,NA,,
29C-R1,1,CHI: um a elephant.,L,,
29C-R1,2,"CHI: last night um when I went to the zoo I saw an elephant but then um, then last night um, we went to the zoo but there was no elephants there.",I+L+F,,
38C-R17,3,CHI:        any of those.,NA,,
29C-R1,3,"CHI: but last time um, we um, went to one and um, and then um, then um we saw it but I was but and then there was one where baby xxx [= animal name] is.",I,,
29C-R1,4,"CHI: mm, and then uh, and then, again last night um I saw a zookeeper riding on it.",I+F,,
38C-R123,3,CHI:        I don't know.,NA,,
29C-R1,5,CHI: and last time baby xxx [= animal name] s being funny (be)cause then her got her trunk like on on a pole and then hers like was kinda like hers like pulling the pole right off.,I+P+F,,
29C-R1,Penguin,,,,
29C-R1,1,CHI: a penguin.,L,,
29C-R1,2,CHI: last night um I went down in the penguin but it was really dark in there but that's where you can look in windows where the penguins were swimming [?] in the water.,I+L+F,,
45C-R35,4,CHI:        um +...,NA,,
29C-R1,3,"CHI: and then uh, and then uh, last night, um, I um, saw one and last night one almost flied right out of it.",I,,
45C-R47,3,CHI:        probably.,NA,,
29C-R1,4,CHI: they didn't know it was glass and banged his head.,I+F,,
34C-R1,Duck,,,,
45C-R57,2,CHI:        he has a computer.,AE(P),,
45C-R62,4,"CHI:        hm, he has a chair.",AE(P),,
45C-R63,5,"CHI:        (be)cause I see a chair peaking out,   [over his shoulder].",AE(P),,
34C-R1,1,CHI: a duck.,L,,
34C-R1,2,"CHI: um, um, a duck is likes to swim in the water.",L+F,,
34C-R1,4,CHI: when [?] they get up they xxx kinda.,F,,
34C-R1,5,CHI: all kinda bird can fly.,T+F,,
34C-R1,6,CHI: ducks can fly.,F,,
34C-R1,Pig,,,,
45C-R213,3,"CHI:        I don't, the nine, and that +...",AE(P),,
45C-R214,4,CHI:        there's a nine and a one on it.,AE(P),,
45C-R216,5,CHI:        so what's that?,NA,,
45C-R219,6,CHI:        ninety-one.,AE(P),,
45C-R223,7,CHI:        it's a racecar.,AE(L),,
45C-R225,8,CHI:        and the car races.,AE(F),,
34C-R1,2,CHI: a pig.,L,,
34C-R1,3,CHI: I know lots about this.,I,,
34C-R1,4,CHI: um pigs used to live in mud on a farm.,L+F,,
34C-R1,5,CHI: and um they they they say oink.,P,,
34C-R1,7,CHI: they have four legs.,P,four,
34C-R1,8,CHI: and I think that's all I have [?] to tell about them.,I,,
34C-R1,Puppy,,,,
34C-R1,1,CHI: a dog.,L,,
34C-R1,2,CHI: dog likes to play with bones.,L+F,,
34C-R1,3,CHI: they like to eat bone &=sighs.,F,,
34C-R1,4,"CHI: I think that's it, all I can tell about them.",I,,
34C-R1,Turtle,,,,
34C-R1,1,CHI: a turtle.,L,,
55C-R21,3,CHI:        no [= quietly].,NA,,
34C-R1,2,CHI: has four legs.,F,,
34C-R1,3,CHI: you can't even see this one.,P,four,
34C-R1,4,CHI: and it's here.,P,,
55C-R77,3,"CHI:        not, really.",NA,,
34C-R1,5,CHI: this is his shell [= indicating on page].,P,,
55C-R92,2,CHI:        um they +...,NA,,
34C-R1,6,CHI: and that's it.,I,,
55C-R94,4,CHI:        I don't [?] have anything.,NA,,
34C-R1,7,CHI: mm his tail has sharp xxx.,P,sharp,
34C-R1,8,CHI: and I think &=turns:page.,NA,,
34C-R1,Ladybug,,,,
34C-R1,1,CHI: ladybug.,L,,
55C-R132,2,CHI:        I'm not sure if I have anything.,NA,,
55C-R133,3,CHI:        so +...,NA,,
34C-R1,2,CHI: they have big black spots.,P,"big
black",
55C-R138,5,CHI:        I don't think I have anything.,NA,,
34C-R1,3,CHI: four legs.,P,four,
34C-R1,4,CHI: um um this red stuff.,P,red,
34C-R1,5,CHI: they could fly.,F,A,
34C-R1,6,CHI: and um this black white and black and all that stuff.,P,"white
black",
34C-R1,7,CHI: and I think that's it &=turns:page.,I,A,
61C-R90,7,CHI:        go ah.,NA,,
34C-R1,8,CHI: mm I think that's it I could tell.,NA,,
34C-R1,9,CHI: I think that's it that's in my mind.,NA,,
61C-R98,12,CHI:        and I have Tonka Joe and Tonka Town.,NA,,
61C-R99,13,CHI:        Tonka Town is just Tonka Tonka trucks and Tonka buildings.,NA,,
61C-R100,14,CHI:        but Tonka Joe is different (be)cause it's all just the real thing.,NA,,
61C-R101,15,CHI:        it's Tonka Joe who can talk.,NA,,
61C-R102,16,CHI:        and it's plain buildings that don't talk.,NA,,
61C-R103,17,CHI:        and <vehicles> [?] that don't talk.,NA,,
61C-R109,20,CHI:        like xxx.,NA,,
61C-R113,23,CHI:        (be)cause then xxx.,NA,,
61C-R117,26,CHI:        firstname who's in my school still once brought us a book about that.,NA,,
61C-R118,27,CHI:        and and he said that that divers trying to shoot the shark.,NA,,
61C-R120,28,CHI:        and then I came over and I heard that and looked at the shooter.,NA,,
61C-R122,29,CHI:        and looked +...,NA,,
61C-R123,30,CHI:        and and Darth Vader's army who's really Anakin have blasters like,NA,,
61C-R126,31,CHI:        then they pull this back and &=makes:shooting_noises.,NA,,
61C-R127,32,CHI:        and guess what.,NA,,
61C-R129,33,"CHI:        so Han Solo and and Luke who was who was the one who was going to,",NA,,
61C-R132,34,CHI:        and he blew up the bu- the Darth Sidious in the in the Death Star.,NA,,
61C-R134,35,CHI:        and +...,NA,,
08C-R1,Cat,,,,
08C-R1,1,CHI:        a kitty.,L,,label
61C-R141,4,CHI:        and a pumpkin.,AE(L),,
61C-R144,5,"CHI:        hm and that's a, a half fence and that's half house and that's a farm.",AE(L),,
61C-R146,6,CHI:        and that's grass.,AE(L),,
08C-R1,2,CHI:        it has stripes.,P,,stripe
61C-R226,3,CHI:        and guess what.,NA,,
61C-R228,4,CHI:        I have a new Dora called Dora Dance to the [Rescue].,NA,,
61C-R230,5,CHI:        to rescue Swiper from in the bottles so when he so when Swiper the fox got dancing elves out of the magic bottle Swiper went in.,NA,,
08C-R1,3,CHI:        and it has a stripe- it has stripes on the foot.,P,,spatial relation
08C-R1,4,"CHI:        it has, one two three four legs.",P,,quantity
08C-R1,5,"CHI:        and, yeah.",NA,,
08C-R1,skunk,,,,
61C-R241,12,CHI:        and then Harry Potter +...,NA,,
61C-R242,13,CHI:        harry Potter's a wizard but guess what.,NA,,
61C-R244,14,CHI:        harry Potter has to live with the Dursy- [Dursley's].,NA,,
61C-R245,15,CHI:        because guess what.,NA,,
61C-R247,16,CHI:        voldemort killed Harry Potter's parents.,NA,,
61C-R249,17,CHI:        and now we didn't find the <wand> [?] when they killed his [parents].,NA,,
61C-R250,18,CHI:        we have to look at watch all of them to see how he killed his parents.,NA,,
61C-R252,19,CHI:        that's how we can find it.,NA,,
08C-R1,2,"CHI:        um, I have a beanie baby skunk.",I+T,,experience+subordinate
08C-R1,3,CHI:        <a beanie baby one> [?].,NA,,
08C-R1,4,CHI:        what?,NA,,
61C-R392,2,CHI:        and I think the +...,NA,,
08C-R1,6,CHI:        it has white stuff.,P,white,color
08C-R1,7,"CHI:        and, it has pointy <stuff on it> [?].",P,pointy,pointy+spatial relation
08C-R1,8,CHI:        and it stinks.,P,,stink
61C-R401,7,CHI:        (o)kay like that.,NA,,
08C-R1,9,CHI:        and it's all black.,P,black,
08C-R1,10,CHI:        a little is white.,P,white little,
08C-R1,parrot,,,,
08C-R1,1,CHI:        a parrot.,L,,label
08C-R1,2,CHI:        um it has a bunch of blue and green.,P,blue green,color
08C-R1,3,CHI:        green here and green here.,P,green,
08C-R1,4,CHI:        yellow and yellow.,P,yellow,color
08C-R1,5,CHI:        and it's um he's standing on something.,P,,entity behavior+spatial relation
08C-R1,7,CHI:        and it has ears [?].,P,,sysetmic property
08C-R1,8,CHI:        bunch of xxx.,NA,,
08C-R1,dolphin,,,,
08C-R1,1,CHI:        next one what is I know this one.,I,,
08C-R1,2,CHI:        um a a dolphin or a whale.,T+L,,coordinate+label
08C-R1,3,CHI:        um it has a bunch of black and white on the bottom.,P,black white,color+spatial relation1
08C-R1,4,CHI:        I guess it's a whale.,L,,
08C-R1,5,"CHI:        and it's swimming in, a lake.",P,,swim+spatial relation2
08C-R1,6,CHI:        that has a bunch of ⌊water⌋.,AE(P),,water
3C-R290,6,CHI:        ⌈but⌉ +...,NA,,
3C-R294,8,CHI:        oh ah no that's not all I know actually!,NA,,
3C-R295,9,CHI:        this is what I know.,NA,,
08C-R1,7,CHI:        I'm finished.,NA,,
08C-R1,Butterfly,,,,
08C-R1,2,CHI:        it has dots on here and orange ⌈on it⌉.,P,orange,spatial relation+color
08C-R1,3,CHI:        a bunch of orange.,P,orange,quantity-color
44C-R1,Alligator,,,,
44C-R1,1,CHI:        a alligator.,,,
3C-R312,19,CHI:        but that's all I know about clowns.,NA,,
44C-R1,2,CHI:        alligator is bad.,,bad,
44C-R1,3,CHI:        what else can you tell me?,,,
44C-R1,4,CHI:        alligator have sharp claw.,,sharp,
4C-R115,2,CHI:        can ⌊you⌋ +...,NA,,
44C-R1,Horse,,,,
4C-R119,4,CHI:        why can't you tell me some?,NA,,
4C-R121,5,CHI:        and I want to hear what you too.,NA,,
4C-R123,6,CHI:        I think you first.,NA,,
44C-R1,1,CHI:        a horsie.,,,
4C-R130,9,CHI:        I don't know either.,NA,,
44C-R1,2,CHI:        horsie giddy-up.,,,
4C-R140,3,CHI:        but you tell me now.,NA,,
4C-R145,4,"CHI:        I don't know what the, I don't know what to tell you.",NA,,
4C-R148,5,CHI:        um.,NA,,
4C-R152,6,CHI:        &=shrugs I don't.,NA,,
44C-R1,3,CHI:        horsie's have tails.,,,
44C-R1,Elephant,,,,
4C-R212,4,CHI:        I think it's your turn now.,NA,,
4C-R214,5,CHI:        &=nods ⌈mm-hm [= yes]⌉.,NA,,
4C-R218,6,CHI:        well it's after my ⌊turn⌋.,NA,,
4C-R219,7,CHI:        well it's after my turn.,NA,,
44C-R1,1,CHI:        a elephant.,,,
44C-R1,2,CHI:        elephant has a long trunk.,,long,
44C-R1,3,CHI:        it has a neck.,,,
4C-R292,5,CHI:        and this.,NA,,
44C-R1,4,CHI:        the elephant is big.,,big,
4C-R294,7,CHI:        and it ha- supposed to be here.,NA,,
4C-R295,8,CHI:        and this supposed to be +...,NA,,
44C-R1,Lobster,,,,
4C-R298,10,CHI:        no you tell me.,NA,,
4C-R300,11,CHI:        I want you to tell me.,NA,,
4C-R303,12,CHI:        can you please tell me?,NA,,
44C-R1,1,CHI:        a crab.,,,
44C-R1,2,CHI:        the crab has claw.,,,
5C-R23,2,CHI:        xxx.,NA,,
5C-R24,3,CHI:        <what that thing at right there> [?].,NA,,
5C-R26,4,CHI:        <what that thing at right there> [?].,NA,,
5C-R73,3,"CHI:        well I don't know much about that, either.",NA,,
5C-R87,4,CHI:        xxx.,NA,,
44C-R1,6,CHI:        I don't know what else.,,,
6C-R3,1,CHI: what's this about?,NA,,
6C-R5,2,CHI: a person and a cane.,L+AE(L),,
6C-R8,3,"CHI: ⌊does⌋, does does is um what's his name again?",NA,,
6C-R10,4,CHI: what's his name again?,NA,,
6C-R12,5,CHI: zorg does Zorg know anything about this?,NA,,
44C-R1,7,CHI:        the crab is a crab.,,,
6C-R53,1,CHI: I think xxx Zorg xxx.,NA,,
44C-R1,Penguin,,,,
44C-R1,1,CHI:        a penguin.,,,
44C-R1,2,CHI:        the penguin swims when it's cold.,,cold,
6C-R121,1,CHI: what's that?,NA,,
44C-R1,3,CHI:        the penguin likes swimming in the water when it's cold outside.,,cold,
5C-R1,Butterfly,,,,
5C-R1,1,CHI:        ladybug.,T,,
5C-R1,2,CHI:        and they fly.,F,,
5C-R1,3,CHI:        fly fast.,F+I,,
5C-R1,4,CHI:        maybe that's not a ladybug.,T,,
5C-R1,6,CHI:        they fly.,F,,
5C-R1,7,CHI:        and what are those things for &=points:page?,F,,
5C-R1,Dolphin,,,,
6C-R253,6,CHI: yeah.,NA,,
5C-R1,1,CHI:        a dolphin.,L,,
5C-R1,2,CHI:        they swim in the [?] oceans.,P,,
12C-R27,1,CHI:        painting.,AE(L),,
12C-R29,2,"CHI:        you paint uh trees, uh waterslides birds hey that's what I have.",P+AE(L)+F+I,,
5C-R1,Skunk,,,,
12C-R33,5,CHI:        xxx.,NA,,
12C-R38,6,CHI:        &=shrugs.,NA,,
5C-R1,1,CHI:        yuck!,I,,
5C-R1,2,"CHI:        that's a, those, those things stink &=pinches:nose.",P,,
5C-R1,3,CHI:        yeah (be)cause they're skunks.,L,,
5C-R1,4,CHI:        well they really stink bad.,P,bad,
12C-R90,6,CHI:        this guy &=pointing:to_Zorg?,NA,,
12C-R92,7,CHI:        okay.,NA,,
5C-R1,5,CHI:        well they stink bad.,P,,
5C-R1,6,CHI:        ew.,I,,
12C-R226,3,CHI:        let me think.,NA,,
5C-R1,7,CHI:        yuck.,I,,
12C-R229,5,CHI:        I don't know my xxx.,NA,,
12C-R231,6,CHI:        probably you think.,NA,,
12C-R235,8,CHI:        probably xxx.,NA,,
12C-R282,1,CHI:        treasure.,AE(L),,
12C-R284,2,"CHI:        uh, you find treasure.",AE(F)+AE(L),,
12C-R285,3,CHI:        there's quarters in treasure.,AE(P)+AE(L),,
12C-R287,4,"CHI:        and, dollars.",AE(P),,
12C-R288,5,CHI:        um you have a key in it.,AE(P),,
12C-R289,6,CHI:        there's jewelry in it.,AE(P),,
12C-R291,7,"CHI:        um, it's a treasure chest.",AE(L),,
5C-R1,8,CHI:        fuzzy tails.,P,fuzzy,
5C-R1,9,CHI:        do these ones hunt for food?,F,,
5C-R1,Cat,,,,
5C-R1,1,CHI:        kitty.,L,,
5C-R1,2,CHI:        I love kitties you know.,I+L,,
5C-R1,3,CHI:        kitties.,L,,
5C-R1,4,CHI:        I love kitties you know.,I+L,,
16C-R61,8,"CHI:        they're royal, but I think I know.",NA,,
5C-R1,5,CHI:        kitties are soft and furry.,P+L,"soft
furry",
5C-R1,6,CHI:        they like cat food.,F,,
5C-R1,Parrot,,,,
5C-R1,1,CHI:        a parrot.,L,,
5C-R1,2,CHI:        I love parrot parrots the most.,I+L,,
5C-R1,4,CHI:        parrots need to be on sticks.,P+L,,
16C-R123,5,CHI:        yeah I'm trying my best.,NA,,
5C-R1,5,CHI:        when they're hungry they come off of the sticks and eat.,F,,
16C-R126,7,CHI:        I think that's all about the man.,NA,,
16C-R128,8,CHI:        oh sorry Zorg.,NA,,
16C-R129,9,CHI:        I just flipped him in the nose.,NA,,
16C-R157,1,CHI:        okay.,NA,,
16C-R169,2,CHI:        oh yeah.,NA,,
5C-R1,6,CHI:        and they got beaks.,P,,
5C-R1,7,CHI:        you see &=points:picture?,NA,,
16C-R176,1,CHI:        it's a painting.,NA,,
16C-R178,2,CHI:        the painting has vegetables in it and and a farmer.,AE(T)+L,,
16C-R179,3,CHI:        and and a gate and grass and and a barn and and a her [?] house.,AE(L),,
16C-R181,4,CHI:        and and a pumpkin and carrots.,AE(L),,
16C-R182,5,CHI:        and and and tomatoes and lettuce.,AE(L),,
16C-R183,6,CHI:        and and a pumpkin.,AE(L),,
16C-R185,7,CHI:        that's just all [?].,NA,,
5C-R1,8,CHI:        and what's that on top it's head?,P,,
5C-R1,9,CHI:        I think hair.,P,,
22C-R1,Puppy,,,,
22C-R1,1,CHI: a bear.,L,,
22C-R1,2,CHI: um it's a baby.,P,,
22C-R1,3,CHI: it's just standing there.,P,,
22C-R1,Pig,,,,
27C-R86,4,"CHI:        yeah but anyway, it's like a long stick that's made out of metal and that like has big black balls like bowling balls except their hard and they're heavier.",AE(P)+AE(T),,
27C-R88,5,"CHI:        and I really, and they they make you strong.",AE(F),,
22C-R1,1,CHI: a pig.,L,,
22C-R1,2,CHI: they showed this um last night on food ⌊network⌋.,I+F,,
27C-R122,3,CHI:        no.,NA,,
22C-R1,3,CHI: about pigs.,L,,
22C-R1,4,"CHI: you can make um a ceramic um, cooker.",I,ceramic,
22C-R1,5,CHI: you just have to do two it's um actually a barbeque that's ceramic.,I,,
22C-R1,6,CHI: you make it have you take it far apart.,I,,
22C-R1,7,CHI: you put something that makes heat in then you put um the pot in then you put the rack you put another fire pot on and then you put a thermometer.,I,,
27C-R163,6,CHI:        yeah.,NA,,
22C-R1,Duck,,,,
22C-R1,1,CHI: a duck.,L,,
22C-R1,2,CHI: ducks have these feet to help them walk.,L+P+F,P,
22C-R1,3,CHI: and and something in Eqypt there are ducks in this restaurant called xxx and I throw bread to the ⌊ducks⌋.,I+L+F,A,
22C-R1,Ladybug,,,,
22C-R1,1,CHI: a ladybug.,L,,
22C-R1,2,CHI: it has legs to help it crawl.,P+F,P,
22C-R1,3,CHI: this is a ladybug.,L,,
22C-R1,Turtle,,,,
27C-R244,5,CHI:        right?,NA,,
27C-R245,6,CHI:        right?,NA,,
22C-R1,1,CHI: a turtle.,L,,
22C-R1,2,CHI: it has claws.,P,,
22C-R1,3,CHI: there's a big tortoise that walks on land.,L+P+F,big,
22C-R1,4,CHI: it's called Franklin.,I,,
22C-R1,5,CHI: it's a huge tortoise.,L+P,huge,
22C-R1,6,CHI: it's almost as big as that whole couch.,P+T,whole,
31C-R8,3,"CHI:        hm, um, uh, I'm not sure of what else I should tell him.",NA,,
31C-R14,5,CHI:        hm.,NA,,
31C-R16,6,CHI:        I don't actually know.,NA,,
22C-R1,7,CHI: zorg this is a turtle.,L,,
36C-R1,Turtle ,,,,
36C-R1,1,CHI:        um a turtle.,L,,
36C-R1,2,CHI:        he can go underwater.,F,,
31C-R34,15,CHI:        it she's always pulling my chair out.,NA,,
31C-R36,16,CHI:        I don't actually know anything about that one.,NA,,
36C-R1,3,CHI:        he can swim.,F,,
36C-R1,4,CHI:        and he's got a shell.,P,,
36C-R1,5,CHI:        and he can go inside it.,F,,
36C-R1,6,CHI:        so he won't be afraid of anything.,I,,
31C-R119,1,CHI:        hm.,NA,,
31C-R124,4,CHI:        I don't know.,NA,,
31C-R129,7,CHI:        I don't actually know anything.,NA,,
31C-R132,8,CHI:        I don't actually know much about it either.,NA,,
31C-R133,9,CHI:        I don't actually I actually I don't know anything about it.,NA,,
31C-R135,10,CHI:        I don't actually know what I I don't actually know anything about about this one either.,NA,,
31C-R136,11,CHI:        I don't know anything.,NA,,
31C-R137,12,CHI:        I don't actually really know.,NA,,
36C-R1,7,CHI:        well you know what?,NA,,
36C-R1,8,CHI:        he gotta learn to swim underwater with the turtle and the fish and a crab.,I+L+T+F,,underwater???
36C-R1,9,"CHI:        I can, I can go underwater at my grandma's beach.",I,,
31C-R197,2,CHI:        drives the plane.,P+AE(P),,
31C-R201,4,CHI:        I don't know.,NA,,
36C-R1,10,CHI:        but I can't go in the deep water.,I,deep,
37C-R52,1,CHI:        uh oh.,NA,,
36C-R1,11,CHI:        (be)cause that scares me and my brother.,I,,
37C-R56,3,CHI:        a truck I ⌊think⌋.,AE(L),,
37C-R57,4,CHI:        what kind of truck is this?,AE(T),,
37C-R60,5,CHI:        ⌊<like a> [?]⌋ +...,NA,,
37C-R61,6,CHI:        like a police truck.,AE(T)+AE(L),,
36C-R1,12,CHI:        and I but turtles and crabs can.,L+T+F,,
36C-R1,13,CHI:        I got goggles to see.,I,,
36C-R1,14,CHI:        and they're pretty and they're green.,I+P,"pretty 
green",
36C-R1,15,CHI:        I like them all.,I,,
37C-R80,16,CHI:        yeah.,NA,,
36C-R1,16,CHI:        so that's what turtles are all about.,L,,
37C-R82,18,CHI:        huh.,NA,,
36C-R1,pig,,,,
36C-R1,1,CHI:        pig.,L,,
37C-R86,21,CHI:        then there will be no +...,NA,,
36C-R1,2,CHI:        pig.,L,,
36C-R1,3,CHI:        he's a cow pig.,T,,
36C-R1,4,CHI:        see the spots?,P,,
36C-R1,5,CHI:        xxx cow pig.,T,,
37C-R94,27,CHI:        you know we had a yucky green day out day and and it was raining.,NA,,
37C-R95,28,CHI:        and hail hail come down <like that> [?].,NA,,
37C-R97,29,CHI:        we're gonna go on a vacation.,NA,,
37C-R98,30,CHI:        like at the beach.,NA,,
37C-R100,31,CHI:        and we go to the store and buy stuff for it.,NA,,
37C-R102,32,CHI:        we have six more days.,NA,,
37C-R104,33,CHI:        what else is about this?,NA,,
36C-R1,6,CHI:        cow pigs do like this &=snorts.,T+P,,
37C-R108,36,CHI:        and get the bad guys and pull it out of the sand and take it to its truck.,F+AE(F),,
37C-R111,38,CHI:        yeah.,NA,,
37C-R112,39,"CHI:        that's, what I know.",NA,,
36C-R1,7,CHI:        they make funny noises.,P+F,,
37C-R183,2,CHI:        he can lift up this.,F+AE(F),,
36C-R1,8,CHI:        you gotta learn to snort like a pig &=snorts.,I+P+L,,
36C-R1,duck,,,,
36C-R1,1,CHI:        that's a duck.,L,,
36C-R1,2,CHI:        I can sound like a duck.,I+L+F,,
36C-R1,3,CHI:        quack quack.,P,,
37C-R199,10,CHI:        yeah.,NA,,
37C-R200,11,CHI:        okay.,NA,,
37C-R201,12,CHI:        why was he in the box?,NA,,
37C-R203,13,CHI:        that's his home?,NA,,
37C-R205,14,CHI:        he lives in a box?,NA,,
37C-R207,15,CHI:        I know a pig that lives in a box.,NA,,
37C-R209,16,CHI:        some pigs do that can talk.,NA,,
37C-R211,17,CHI:        yeah.,NA,,
37C-R212,18,CHI:        I saw one on a on tv at our house.,NA,,
37C-R213,19,CHI:        we live at xxx [= city].,NA,,
37C-R214,20,CHI:        right next to that xxx.,NA,,
37C-R216,21,"CHI:        and we have a next neighbors name is, there's Firstname, Firstname and Firstname.",NA,,
37C-R217,22,CHI:        um but that's all that I know.,NA,,
36C-R1,4,CHI:        well if this duck learns how to quack he can quack like this.,L+F+P,,
36C-R1,5,CHI:        quack Quack.,P,,
36C-R1,6,CHI:        so he's a good duck &=makes:Zorg_quack.,I+L,good,
36C-R1,7,CHI:        you already know how to quack like a duck now quack,I+F+L+P,,
37C-R235,6,"CHI:        yeah, they do.",NA,,
36C-R1,8,CHI:        well if [?] you have to quack like a duck.,I+P+L,,
37C-R251,2,CHI:        that's all that I +...,NA,,
36C-R1,9,CHI:        quack.,P,,
36C-R1,puppy,,,,
37C-R258,4,CHI:        I think they do.,NA,,
36C-R1,2,CHI:        puppy doggie.,L,,
36C-R1,3,CHI:        he looks pretty.,P+I,pretty,
36C-R1,4,CHI:        well the doggie barks &=barks.,L+P,,
37C-R269,10,CHI:        everything.,NA,,
36C-R1,5,CHI:        my doggie doesn't like to be picked up.,I+L,,
37C-R566,2,"CHI:        man riding on, what is this kind of board?",L+P+AE(T),,
37C-R567,3,CHI:        I don't know what kind of board this is.,AE(I)+AE(T),,
36C-R1,6,CHI:        so he's a Cavelier_King_Charles_Spaniel <kind of dog> [?].,T,,
36C-R1,7,CHI:        well you need to bark like a puppy &=barks.,I+P+L,,
36C-R1,ladybug,,,,
36C-R1,1,CHI:        and that's a ladybug.,L,,
37C-R581,9,CHI:        that's all that I know.,NA,,
36C-R1,2,CHI:        that's a ladybug.,NA,,
36C-R1,3,CHI:        well if the ladybug always comes in your house I have a bug catcher um to let him um crawl in.,L+I+F,,
36C-R1,3,CHI:        I got a lot of things on it with it.,I+F,,
36C-R1,4,CHI:        and my teacher gave it to me.,I,,
36C-R1,5,CHI:        firstname got one too.,I,,
36C-R1,6,CHI:        all my friends got it too.,I,,
37C-R607,13,CHI:        that's all that I know.,NA,,
36C-R1,7,CHI:        they loved it.,I,,
36C-R1,8,"CHI:        so this bug is a, red ones are &=makes:noise",T+P,,
44C-R10,3,CHI:        xxx.,NA,,
36C-R1,9,CHI:        does he like to eat bugs?,I+F+T,,
36C-R1,10,CHI:        he got a big nose and he can eat (th)em.,F,big,
36C-R1,11,CHI:        well you know what?,NA,,
44C-R62,2,CHI:        it was <a bat> [?].,AE(L),,
36C-R1,12,CHI:        you need to learn to eat bugs.,I+F+T,,
39C-R1,lion,,,,
39C-R1,1,CHI:        a lion.,L,,
39C-R1,2,CHI:        well you see that.,NA,,
39C-R1,3,CHI:        xxx a boy lion and a girl lion.,T+L,"boy 
girl",
44C-R77,4,CHI:        there are [?] clouds.,AE(L),,
39C-R1,4,CHI:        a boy lion has hair around it.,P+L,,
39C-R1,5,"CHI:        and it's, you can see its ears sticking out of its hair.",P,,
44C-R163,4,CHI:        no.,NA,,
44C-R166,5,CHI:        no.,NA,,
39C-R1,6,CHI:        and they lions kill you to eat you.,F,,
48C-R4,1,CHI:        a racecar.,AE(L),,
48C-R6,2,CHI:        there's people watching the racecar ⌈<go> [?]⌉.,AE(P)+AE(L),,
39C-R1,7,CHI:        and like tigers [?] just kill you to defend their babies.,T+F,,
48C-R11,4,CHI:        it's a racecar.,AE(L),,
39C-R1,8,CHI:        and like raccoons sometimes bite you to to defend their babies.,T+F,,
39C-R1,9,CHI:        and like I had a raccoon in my garage before [?] in our garage before.,T+I,,
39C-R1,10,"CHI:        that's um, it about lions.",L,,
39C-R1,11,"CHI:        well you see, his, sometimes boy lions I think have um uh, have hair on their back of the tail.",I+P+L,boy,
39C-R1,12,CHI:        and some of the girl lions and  I I-let's skip to the next page.,P+L,girl,
48C-R137,2,"CHI:        she, can't walk very good so she gots a pointy stick.",F+AE(P),pointy,
39C-R1,snake,,,,
39C-R1,1,CHI:        it looks like a king cobra.,P,,
39C-R1,2,CHI:        well you see a cobra and a king cobra are the same but sometimes you ca- but you can tell apart sometimes a cobra and a king cobra is different.,T,,
39C-R1,3,"CHI:        well, you see well, big snakes are about a half inch longer than than little snakes.",P+L+T,"big
longer",
39C-R1,5,CHI:        oh oh oh I forgot.,NA,,
39C-R1,6,CHI:        um snakes.,L,,
48C-R158,3,"CHI:        it, gots a hose on top of it.",AE(P),,
39C-R1,7,CHI:        I forgot some things about snakes.,L,,
39C-R1,8,"CHI:        well you see that some snakes need part of their, parts of xxx taken out.",I+P,,
48C-R174,2,CHI:        he gots a desk.,AE(P),,
48C-R177,3,CHI:        he gots a chair.,AE(P),,
48C-R178,4,CHI:        and he gots some books.,AE(P),,
48C-R179,5,CHI:        and he gots a piece of paper.,AE(P),,
39C-R1,9,"CHI:        so like if they have it too long then, then something will happen to them.",I+P,long,
39C-R1,10,"CHI:        like, well big snakes will stay alive but like little snakes like sometimes I think will wow.",P+L+T,big,
59C-R45,3,CHI:        &=whispers:to_Zorg xxx and xxx.,NA,,
59C-R47,5,CHI:        &=whispers:to_Zorg they have parrots.,AE(P),,
59C-R48,6,CHI:        and they have parrots [= as Zorg] .,NA,,
39C-R1,frog,,,,
59C-R50,8,CHI:        and they try to steal treasures.,F+AE(F),,
59C-R53,9,CHI:        uh  &=whispers:to_Zorg they have xxx gun xxx.,AE(P),,
59C-R54,10,CHI:        um they have a parrot and a gun and a swordle [= as Zorg] .,AE(P),,
59C-R55,11,CHI:        &=whispers:to_Zorg treasure.,AE(L),,
59C-R56,12,CHI:        treasure-and treasure [= as Zorg] .,NA,,
39C-R1,1,CHI:        well frogs yeah.,L,,
39C-R1,2,CHI:        see frogs bend their back legs up so when they jump they can jump far away.,L+F+P,,
59C-R71,4,"CHI:        it's a doctor and it help, helps people [= as Zorg].",NA,,
39C-R1,3,CHI:        and um frogs can hop over about half feet.,L+F,,
39C-R1,4,CHI:        a half feet.,NA,,
59C-R78,8,CHI:        they help you and they take care of you [= as Zorg].,NA,,
59C-R92,1,"CHI:        um, &=whispers:to_Zorg Plant.",AE(L),,
59C-R93,2,CHI:        a plant [= as Zorg].,AE(L),,
39C-R1,5,CHI:        a half feet.,NA,,
39C-R1,6,CHI:        my friends were trying get it a frog and we and we didn't but I was trying to get a rock so so we could hop on him and they was trying to get ⌊him⌋.,I+F+L,,
59C-R100,6,CHI:        pictures [= as Zorg].,AE(L),,
39C-R1,7,CHI:        and so they could like share it when xxx when they come over to their house.,I+F,,
39C-R1,owl,,,,
59C-R135,5,CHI:        uh I ⌊mean⌋ &=puts:Zorg_on_hand +...,NA,,
39C-R1,1,CHI:        well an owl.,L,,
39C-R1,2,CHI:        &=whispers  yes an owl.,NA,,
59C-R139,8,CHI:        &=whispers:to_Zorg xxx.,NA,,
39C-R1,,INV:        what is this?,,,
39C-R1,3,CHI:        an owl.,NA,,
59C-R144,11,CHI:        change diapers [= as Zorg].,NA,,
39C-R1,4,CHI:        it uses its claws to hang on to branches so it won't fall.,F+P,,
39C-R1,5,CHI:        like parrots hang on.,T,,
39C-R1,6,CHI:        and birds.,T,,
59C-R203,3,CHI:        &=whispers:to_Zorg xxx.,NA,,
39C-R1,7,CHI:        and hawks.,T,,
59C-R207,5,CHI:        um [= as Zorg].,NA,,
59C-R208,6,CHI:        &=whispers:to_Zorg xxx.,NA,,
39C-R1,8,CHI:        and eagles.,T,,
39C-R1,9,CHI:        and robins.,T,,
39C-R1,10,CHI:        and birds.,T,,
67C-R48,1,CHI:        a hot rod.,AE(L),,
67C-R49,2,CHI:        they drive to car shows.,AE(F),,
67C-R51,3,CHI:        you drive (th)em on the road.,AE(F),,
39C-R1,11,CHI:        and like I've had a parrot on me before but its claws were gentle.,T+I,gentle,
67C-R54,5,CHI:        don't want to tell about that [?].,NA,,
39C-R1,12,CHI:        it was trying to be gentle on me.,I,,
39C-R1,13,CHI:        my neighbors got a picture of the a red parrot on my head.,I+T,,
39C-R1,14,CHI:        and a red parrot on my shoulder.,T+I,red,
39C-R1,15,CHI:        and it was really fun.,I,,
39C-R1,16,CHI:        it was really kooky on.,I,,
39C-R1,17,CHI:        and it felt really funny on my head.,I,,
39C-R1,18,CHI:        and it didn't even hurt my head.,I,,
39C-R1,19,"CHI:        <and but this xxx they're just> [?], parrots just try to be gentle.",I,,
39C-R1,20,CHI:        about birds?,T,,
39C-R1,rabbit,,,,
39C-R1,1,CHI:        a rabbit.,L,,
67C-R173,4,CHI:        I tell you already.,NA,,
07C-R12,1,CHI:        hm &=shrugs.,NA,,
07C-R21,5,CHI:        xxx this &=tries:turn_page.,NA,,
39C-R1,2,CHI:        well rabbits can hop fast.,L+F,fast,
39C-R1,3,CHI:        I've seen a rabbit hop really fast.,I+L+F,,
07C-R60,1,CHI:        oh.,NA,,
07C-R62,2,CHI:        that is a race car.,L(AE),,
07C-R63,3,"CHI:        it's white and and and red, and blue.",P(AE),,
07C-R65,4,"CHI:        it's purple and it's, yellow.",P(AE),,
07C-R69,5,CHI:        this Zorg this is white and blue and purple.,P(AE),,
39C-R1,4,CHI:        I scared it.,I,,
39C-R1,5,CHI:        but I wasn't very close to it.,I,,
39C-R1,6,CHI:        I just scared it.,I,,
39C-R1,7,CHI:        the rabbit must have heared me.,L+I+F,,
39C-R1,8,"CHI:        uh when rabbits um uh, they can hear people.",L+F,,
39C-R1,9,CHI:        I was just trying to pet him.,I+F,,
07C-R155,5,CHI:        so.,NA,,
39C-R1,10,CHI:        and I was just trying to feel his ears.,I+F+P,,
39C-R1,11,CHI:        but I wasn't trying to kill him.,I+F,,
39C-R1,12,CHI:        (be)cause I want to be nice to rabbits.,I+L,nice,
39C-R1,13,CHI:        like zoo people can only catch rabbits.,T+F+L,,
39C-R1,14,CHI:        (be)cause they never give up on catching animals.,F+T,,
39C-R1,15,CHI:        (be)cause they always try their best.,I,,
08C-R77,5,CHI:        and it has a pointy thing on the end.,AE(P),,
08C-R79,6,CHI:        ah &=turns:page.,NA,,
39C-R1,16,"CHI:        I think that I like, and I like and I like snakes the best.",I+T,best,
47C-R1,skunk,,,,
47C-R1,1,CHI:        a skunk.,L,,
47C-R1,2,CHI:        pee-ew.,P,,
08C-R144,3,CHI:        yes.,NA,,
47C-R1,3,CHI:        they stink.,P,stink,
08C-R150,5,CHI:        &=laughs oh.,NA,,
08C-R203,4,CHI:        three one two.,NA,,
08C-R204,5,CHI:        one two and three.,NA,,
08C-R206,6,CHI:        it doesn't go three one two.,NA,,
08C-R207,7,CHI:        &=laughs.,NA,,
47C-R1,4,CHI:        and they spray.,F,,
08C-R214,11,CHI:        very very very light color shirt.,NA,light color,
47C-R1,5,CHI:        if you scare (th)em or something.,F,,
08C-R224,3,CHI:        &=turns:page &=turns:page_back ah.,NA,,
47C-R1,butterfly,,,,
47C-R1,1,"CHI:        I know, hey.",I,,
08C-R232,9,CHI:        and pink right there.,NA,pink,
47C-R1,2,CHI:        I know a lot about bugs.,NA,,
08C-R242,14,CHI:        I'm done.,NA,,
10C-R2,1,CHI:        I know what it is.,NA,,
10C-R5,2,"CHI:        um let's see, okay.",NA,,
10C-R14,6,CHI:        what else?,NA,,
47C-R1,3,CHI:        a butterfly.,L,,
10C-R86,2,CHI:        and let's see.,NA,,
47C-R1,4,CHI:       and it ⌊flies⌋.,P,,
47C-R1,5,"CHI:        and, it lays eggs.",F,,
10C-R96,8,"CHI:        um, let's see.",NA,,
10C-R116,1,CHI:        this +...,NA,,
47C-R1,6,CHI:        no.,NA,,
47C-R1,7,CHI:        okay that's it.,NA,,
10C-R126,6,"CHI:        um, and this looks like that's a baby doll.",AE(P),,
10C-R128,7,CHI:        and then these two are um stuffed ⌊animals⌋.,AE(P),,
10C-R130,8,"CHI:        um, nope.",NA,,
47C-R1,parrot,,,,
10C-R185,6,CHI:        that's ⌊it⌋ &=whispers.,NA,,
10C-R194,4,"CHI:        and, um let's see.",NA,,
10C-R197,7,"CHI:        um, hm, can't think of anything else.",NA,,
24C-R8,3,CHI:        mm-hm [= yes].,NA,,
24C-R11,5,CHI:        xxx help you.,NA,,
47C-R1,2,CHI:        a parrot.,L,,
24C-R67,3,CHI:        a piece of paper.,AE(P),,
47C-R1,3,"CHI:        that's all I can tell you, remember?",I,,
24C-R71,5,CHI:        yep.,NA,,
24C-R115,6,CHI:        yes.,NA,,
24C-R116,7,CHI:        zorg that's a treasure chest and those are pirates.,AE(P)+L,,
24C-R121,3,CHI:        excuse me.,NA,,
47C-R25,4,CHI:        what?,NA,,
47C-R57,4,CHI:        I think that's it.,NA,,
47C-R1,4,CHI:        parrot.,L,,
47C-R155,5,CHI:        that's all I know.,NA,,
47C-R1,5,CHI:        they fly.,F,,
47C-R1,,,,,
47C-R173,3,CHI:        okay I'll tell okay now +...,NA,,
58C-R1,cat,,,,
58C-R1,1,CHI:        a cat.,L,,
47C-R184,6,CHI:        only I know two things about this.,NA,,
47C-R186,7,CHI:        and that +...,NA,,
47C-R188,8,CHI:        I know lots about &=turns:pages +...,NA,,
58C-R1,2,CHI:        um cats have fur.,L+P,,
58C-R1,3,CHI:        and they have <four> [?] legs.,P,,
58C-R1,4,"CHI:        and they have, whiskers.",P,,
47C-R306,2,CHI:        all I can tell you is what he is.,NA,,
58C-R1,5,CHI:        and their whiskers help them with things.,P+F,,
47C-R316,4,CHI:        I can only tell you the things.,NA,,
58C-R1,6,CHI:        and al-and-and some-lo-a lot of cats are different colors.,L+P,,
58C-R1,7,"CHI:        and some people, have cats.",F+L,some,
58C-R49,2,CHI:        racecars go really fast.,AE(P),,
58C-R50,3,CHI:        and they could cause people an accident because they're going so fast.,AE(F),,
58C-R51,4,CHI:        someone could crash maybe.,AE(F),,
58C-R53,5,CHI:        and they go in a speed xxx with lots of people watching.,AE(F)+P,,
58C-R57,6,CHI:        people ride in it and they have to put on special seatbelts and things so they don't fall out and they don't break the car.,AE(F),,
58C-R58,7,CHI:        because the car's really sensitive.,AE(P),,
58C-R59,8,CHI:        because they go so fast on it.,AE(P),,
58C-R61,9,CHI:        and the wheels aren't that strong.,AE(P+I),,
58C-R63,10,CHI:        they're really strong but they can't quite handle other wheels.,AE(P+I+F),,
58C-R1,8,CHI:        and all cats are different and some people have the same kind of cats.,L+P+F,"different
same",
58C-R1,9,CHI:        they have a tail but people don't.,P+T,,
58C-R93,5,CHI:        I don't know.,NA,,
58C-R1,10,CHI:        because tails al +...,P,,
58C-R1,11,CHI:        they have tails because so so so just because.,P,,
58C-R1,dolphin,,,,
58C-R1,1,CHI:        a dolphin.,,,
58C-R1,2,CHI:        dolphins go <in the> [?] water.,L+P,,
58C-R1,3,CHI:        and they live in the ocean.,P,,
58C-R1,4,CHI:        and sharks could eat dolphins.,T+F+L,,
58C-R1,5,CHI:        and dolphins can go up so sharks can't eat them.,L+P+T+F,,
58C-R1,6,CHI:        and when they come back down sharks can eat them.,F+T,,
58C-R1,7,CHI:        so when when they go up sharks can't eat them and so and and [?] they live in the wa and and they jump back into the water.,P+T+F,,
58C-R1,8,"CHI:        they have fins and they, they have fins and they have a tail like any other sea animal.",P+T,sea,
58C-R1,parrot,,,,
58C-R1,1,CHI:        a parrot.,L,,
30C-R46,1,CHI:        I don't know.,NA,,
58C-R1,2,CHI:        parrots have lots of colors on their tails.,L+P,,
58C-R1,3,CHI:        and on the body.,P,,
58C-R1,4,CHI:        they have feathers too.,P,,
30C-R94,1,CHI:        a airplane in the front.,AE(L),,
30C-R96,2,CHI:        just it goes up in the sky.,AE(F+P),,
30C-R98,3,CHI:        it has seats.,AE(P),,
58C-R1,5,CHI:        they they have shar-a little bit of sharp claws.,P,sharp,
30C-R104,5,CHI:        why just fly one people at a time?,AE(P),,
58C-R1,6,"CHI:        and they have a pointy beak like all other birds that so he can eat, his food out of birdfeeders.",P+F,pointy,
58C-R1,butterfly,,,,
58C-R1,1,CHI:        a monarch butterfly.,L,,
30C-R145,5,CHI:        I don't know all of it.,NA,,
58C-R1,2,"CHI:        monarch butterflies, have dots on on the outside of the xxx inside.",L+P,outside,
58C-R1,3,CHI:        um they they turn out to caterpillars first and then come the monarch butterflies.,F+T+L,,
58C-R1,4,"CHI:        and they have, these things just because some so [?] because um they they so they can smell and do things.",P+F,,
58C-R1,5,CHI:        and they drink nectar from [?] different flowers just like bumble bees.,F+T,different,
58C-R1,skunk,,,,
58C-R1,1,CHI:        a skunk.,L,,
58C-R1,2,"CHI:        skunks have special stinkiness coming from bu, um coming from their tail.",L+F+P,special,
63C-R5,2,"CHI:        I don't, hm.",NA,,
58C-R1,3,CHI:        coming from inside under the tail.,F+P,inside,
58C-R1,4,CHI:        and they and they xxx white and black.,P,"white
black",
58C-R1,5,CHI:        and they and they have whiskers and sharp claws.,P,sharp,
63C-R17,7,CHI:        hm mm-mm [= no].,NA,,
58C-R1,6,CHI:        his tail closes up when he's when it when <he's> [?] pushing the ba the bad smell out.,P+F,bad,
58C-R1,7,CHI:        and they have fur.,P,,
24C-R1,puppy,,,,
63C-R103,2,"CHI:        and I have batman shoes and I have, but they don't light up.",NA,,
63C-R104,3,CHI:        and I have some Buzz Lightyear ones.,NA,,
63C-R105,4,CHI:        and they have Buzz Lightyear on them.,NA,,
63C-R106,5,CHI:        and a rocket.,NA,,
63C-R108,6,CHI:        and um those ones light up.,NA,,
24C-R1,1,CHI:        it's much of a puppy.,L,,
24C-R1,2,CHI:        first there's a mama puppy and then she has her babies.,I+L+F,mama,
24C-R1,3,"CHI:        um, Zorg it's a puppy.",L,,
24C-R1,4,CHI:        you pet him.,F,,
63C-R183,3,"CHI:        hm, he always says that.",NA,,
24C-R1,turtle,,,,
63C-R186,5,CHI:        mm-hm [= filler].,NA,,
24C-R1,1,CHI:        a turtle.,L,,
24C-R1,2,CHI:        he's really slow.,P,"really
slow",
63C-R194,4,CHI:        mm-hm [= filler].,NA,,
63C-R197,6,CHI:        mm-hm [= filler].,NA,,
24C-R1,3,CHI:        he has a shell and no animal can eat its shell.,P+T+F,,
24C-R1,ladybug,,,,
63C-R204,10,CHI:        you'll never believe.,NA,,
63C-R206,11,CHI:        see and you're never gonna believe this.,NA,,
24C-R1,1,CHI:        look there's a ladybug right here.,L,,
24C-R1,2,CHI:        a ladybug.,L,,
24C-R1,3,CHI:        it's a bug.,T,,
20C-R119,3,CHI:        mm mm-hm [= yes].,NA,,
24C-R1,4,CHI:        she's red and has black polka dots.,P+I,"black
polka",
20C-R136,1,CHI:        a racecar and a race man.,AE(L)+L,,
24C-R1,6,CHI:        you don't eat bugs.,F+T,,
20C-R143,4,CHI:        yes.,NA,,
24C-R1,duck,,,,
20C-R145,6,"CHI:        and he has, one two three four five six seven eight oh.",AE(P),,
20C-R149,7,CHI:        yes.,NA,,
24C-R1,1,CHI:        a duck.,L,,
24C-R1,2,"CHI:        he swims in water and, that's it.",F+I,,
20C-R191,3,CHI:        no.,NA,,
24C-R1,3,CHI:        he has she has baby ducklings.,F,baby,
20C-R202,4,CHI:        mm mm-hm [= yes].,NA,,
24C-R1,5,CHI:        it's a duck.,L,,
24C-R1,6,CHI:        it's a duck.,L,,
24C-R1,pig,,,,
20C-R217,2,CHI:        no.,NA,,
20C-R219,3,CHI:        no.,NA,,
24C-R1,1,CHI:        a pig.,L,,
24C-R1,2,CHI:        he likes to roll in the mud.,F,,
24C-R1,3,CHI:        and it's pink.,P,pink,
20C-R228,5,CHI:        no.,NA,,
36C-R25,3,CHI:        you know what?,NA,,
24C-R1,6,CHI:        oink oink.,P,,
24C-R1,7,CHI:        piggy.,L,,
36C-R69,1,"CHI:        um, she's sick.",AE(P),,
36C-R71,2,CHI:        and she's at the doctors.,AE(P)+L,,
36C-R74,3,CHI:        well she's at the doctor when she's sick she doesn't feel good.,AE(P+I)+L,,
24C-R1,8,CHI:        it's an animal.,T,,
24C-R1,9,CHI:        you don't eat it.,I+F,,
36C-R84,7,CHI:        well you know what?,NA,,
24C-R1,10,CHI:        he likes to eat hay.,F,,
56C-R1,Snake (A),Speech,Which feature is questioned or emphasized,,
56C-R1,1,CHI:        a snake.,L,,
36C-R146,4,CHI:        well do you know what?,NA,,
56C-R1,2,CHI:        um snakes slither around along the ground.,F+L,,
56C-R1,3,"CHI:        um, um and they're really um, like and they're really like slimy and um very gooey and yucky from the mud.",F+I,"slimy
gooey
yucky",
56C-R1,4,CHI:        and stuff like that.,NA,,
56C-R1,5,CHI:        that's all I know about fro-about um snakes.,I+L,,
56C-R1,Owl,,,,
56C-R1,1,CHI:        an owl.,L,,
36C-R239,3,CHI:        and the end.,NA,,
36C-R242,4,"CHI:        well, you know what?",NA,,
36C-R244,6,CHI:        the end.,NA,,
56C-R1,2,CHI:        I don't want to tell you anything about owls.,I+L,,
39C-R3,1,CHI:                                          ⌈uh⌉.,NA,,
39C-R6,2,CHI:        this?,NA,,
39C-R8,4,CHI:        because I xxx.,NA,,
39C-R11,6,CHI:        well just a little +...,NA,,
39C-R12,7,CHI:	just one thing.,NA,,
56C-R1,3,CHI:        nothing.,NA,,
39C-R15,10,CHI:        and that's it.,NA,,
39C-R19,1,CHI:        oh pumpkins remind me of our garden.,AE(P+I),,
39C-R21,2,CHI:        (be)cause we're growing pumpkins.,AE(I+P),,
39C-R23,3,CHI:        and we're growing carrots.,AE(I+P),,
39C-R24,4,CHI:        and we're growing squash.,AE(I+P),,
39C-R26,5,CHI:        well you see they plant this from seeds and like.,AE(I+F),,
39C-R27,6,"CHI:        I know like, first pick them for us to eat.",AE(I),,
56C-R1,Frog,,,,
56C-R1,1,CHI:        a frog.,L,,
39C-R62,8,"CHI:        and like, um he wasn't, and he is &=turns:page +...",NA,,
56C-R1,2,CHI:        um frogs hop.,F+L,,
56C-R1,3,CHI:        and I can jump like a frog &=hops:like_frog.,I+F+L,,
56C-R1,4,CHI:        and I can say [ribbit]t the same time.,I+P+L,,
39C-R74,15,CHI:        now that's done [= referring to page].,NA,,
56C-R1,6,CHI:        I have um a book where that you open up that it can unclip.,NA,,
56C-R1,7,CHI:        it's a white one like this one.,NA,white,
56C-R1,Lion,,,,
56C-R1,1,CHI:        a lion.,L,,
39C-R195,10,CHI:        well no &=tries:turn_page.,NA,,
39C-R198,11,CHI:        um no more.,NA,,
39C-R200,12,CHI:        really.,NA,,
39C-R202,13,CHI:        no.,NA,,
56C-R1,2,CHI:        it's a lion.,L,,
56C-R1,3,CHI:        it's a lion.,L,,
56C-R1,4,CHI:        um lions roar at the zoo.,F+L,,
39C-R263,8,CHI:        xxx that's it.,NA,,
39C-R267,9,CHI:        no.,NA,,
56C-R1,1,CHI:        a rabbit.,L,,
56C-R1,2,CHI:        and rabbits hop.,F+L,,
56C-R1,3,CHI:        um nothing.,NA,,